daily_screen_time,unlock_count,avg_session_duration,social_media_usage,productivity_usage,entertainment_usage,late_night_usage,typing_speed,typing_pause_duration,backspace_frequency,movement_regularity,sleep_quality,stress_level,fatigue_level,mood_score,risk_class
9.626538509837616,16,10.077097909610734,6.675242089308314,1.7993946684808297,5.827260495429079,1.7425052716909306,30.609604436297985,6.128245250675049,30.009672414172556,79.21959138761616,75.96093800272178,34.455708945529054,35.6701679573814,21.78325252084671,0
6.10822361739655,125,10.277904818569738,4.953512077276169,6.4886056120392555,1.790117784257332,11.43955574012756,79.33370675223789,1.7977931653590957,35.083658940287116,60.399515639793094,88.86510430035584,76.75253344393768,12.663880850403196,43.03465633747679,0
10.515278159069515,160,2.853212841706366,2.4147265490120944,1.025353315940526,3.3273472269177407,27.169574727267033,43.33316599728499,3.4738521126698814,20.113690177906683,24.5403227849551,86.948627348362,15.657275519991698,31.394435814629354,30.844551349508187,0
8.82236430512332,122,11.341815137718138,6.214640391489642,4.992534459737694,1.330927369506789,15.986277590948072,53.67192223103477,0.30504877215938975,23.0142932657198,25.195897074949755,25.48045952861164,56.727815223489536,78.83039711618198,62.580858880029766,2
2.48886215282032,89,11.056205416979394,1.7924218151498839,6.02021414479798,4.743108770208746,73.21590995007253,32.82558588511005,0.16127333353849704,32.17147039307004,64.06114338769247,20.225472010521337,60.2120412535739,49.38707610379937,46.980227730061,1
11.744034692185938,176,11.175339457696625,6.365747599360446,6.058433051766395,6.226543737597972,10.560479086790032,69.88728569351451,4.967627224482305,26.4423490053672,46.625347704176995,75.96946776166689,7.055681273966138,19.127840901694483,53.23050755419249,0
9.491966870898706,87,1.9258724016283362,5.973275002754141,1.6824749155434229,3.0791068388734635,86.59941050245247,77.4826726041938,0.9162259950126449,23.996157661468956,69.47563604533283,53.51791485282696,8.346671109096372,32.38744302251418,91.96791953966259,0
9.753675205408015,153,7.591950404695119,1.2844878205269066,0.6806671873453737,1.472699251338209,22.111450371095287,42.15401991626733,3.879876836064642,10.839011460345622,42.773639791173835,86.586072749586,33.666336026505704,92.63664028931899,28.924146305598846,0
2.8451931430932316,105,7.017334007095092,0.8801208121899196,3.7006897934232974,2.0026468882218746,10.859061697156768,90.60635082971216,4.902451627249137,13.098655214674142,55.13037508818035,39.30799655994436,61.64401586530783,43.604003881270884,52.98417442555789,0
6.229052347903455,20,2.1180145513766266,6.045756336351816,1.7793856929074594,6.972148515614809,1.0106644431258527,17.448848764818887,0.3224186449845109,17.41538136555392,26.54030734082866,85.2240210142397,94.52458955008521,44.510329951772746,0.0,1
5.393379254442102,118,4.179992504031523,3.4154806674313187,5.6543123103087165,2.3482493745027604,71.52050043221465,25.63544826192323,3.1963156541052062,2.399228573210637,23.65770069785674,60.31011606050603,13.442866428945662,17.38854259215605,71.11418323957582,0
11.23103238291032,24,7.502632003330158,7.484748065374944,2.982203837312284,6.6075017812943075,25.6616745938542,62.10296252483927,4.8206483652022944,19.94662833195019,16.656739205467172,27.117005807981084,70.39413790860493,31.62810463374277,39.0656405750099,2
8.260583760846977,196,12.092175909842851,6.833674913331276,3.7049607400584303,2.8820750171721734,50.94986051377748,71.11254896387038,6.239143816198466,2.119044457848251,82.1282588310726,17.347054944433662,69.42259935741825,79.58049649636436,11.88373314311947,2
10.138996939343714,132,4.40334357016688,5.771965398610975,1.0851824781933521,1.6853534564808856,11.161604667215574,35.05463916072472,2.1646876941514295,26.295663744617478,58.87399013901019,71.54020221995995,67.26110464582334,76.90270359390675,0.0,2
6.155849087686977,87,13.412198633898655,3.680402108335011,4.626892235075895,6.20939190087042,98.52959232362493,59.32568775130788,6.8220940548218785,32.273237065811,93.34841151178628,12.387570784334255,53.001702762494766,43.93688710064653,61.205482155100036,2
3.886006578740157,109,9.096133943239844,5.876200334968718,1.647088679128877,4.035778247591736,12.538473906995529,40.47089976342502,5.927336347651912,26.172391159450434,75.95479275962087,78.92315447356202,94.91481340674336,87.0033126427697,49.546499016989564,1
7.323140263666265,135,12.358409614806186,8.167063004965819,5.496088155136509,0.3627289107083739,41.19259266418782,59.327139649727215,4.589381997364795,31.821358847809663,77.65115810195547,54.64807350429729,51.66508787944737,38.7443382039053,57.5831460142992,1
2.1700811890938407,65,7.9828509467202275,2.0156319947957466,0.7551168158735708,8.163516322492947,85.16495023344659,67.7462142211402,2.804285999998305,2.0005662479169217,54.79714220933736,40.953574147060095,82.96162836552632,84.2469805032618,30.750205444408145,2
10.190127305922111,71,8.387752226417795,3.0195265997007414,7.811977819794322,1.3411289386057024,24.48869484804068,92.8246442855246,5.00666159577654,4.55600485122531,81.75994641425726,33.95071880579132,29.414416067343737,5.967161754962051,59.16005640448335,0
8.13247619078168,96,10.219734718570532,2.327671396631237,5.539310432969331,3.0686186022059676,26.69717853461734,51.455748801694696,5.731733556585438,32.03388495764888,92.90158318761588,92.38763581322458,79.98669043553753,35.63964728159281,43.736531201466846,0
9.459921270896425,65,14.905153244120529,4.338575384012293,1.617490628933024,3.3322749339639417,80.84995158907329,66.85728322171045,2.1927691367172457,36.52470636214113,73.51314220551852,62.00387795132197,97.6787532563208,83.37643693386453,9.63506356271024,2
5.222522665363618,162,8.27555123747623,6.347103493414995,0.30993823460247516,4.211211153770671,27.33396571920127,61.243139833594554,6.950527447858502,32.86116754824396,19.291826798056118,75.20584819961259,89.63799686295968,87.72309877858685,37.110588421231114,1
11.692329256146484,35,8.835594579246022,3.8505362287932923,2.8088105592007064,6.697729787607034,0.28713110948129783,40.40439151100584,6.3694736513070085,30.50952642980272,67.28974761430855,78.75706601870607,33.27866984393092,74.10385987471595,46.866969327649684,0
10.877771773883076,176,9.95035384561845,5.207850997035875,1.3919434596072178,0.15115834927106483,42.79137204899498,35.24513053581763,3.4499599383661663,32.41745454389708,20.59812267721609,56.62667337781832,83.69264525390115,65.96738678819587,66.53225246000154,2
9.6730267192745,82,12.010230086925432,2.59937290936877,1.9036083983324585,7.932765231223027,1.253520967847499,94.0296577395779,5.087526418850227,33.802366809235124,16.79557317284277,92.79444052773125,13.858912441670942,79.65746148945613,42.819874868877676,0
3.5437064324456595,124,1.8921250993907617,2.489894407349208,7.007452015815538,5.526311465705294,90.97922838293668,31.548188936121228,3.715661372869595,33.148232429805475,70.97523565020253,48.90050823949231,68.02680304401389,69.51046969288016,33.311120978341265,1
6.4005705391338585,45,8.638449065533976,3.1073143404589647,4.904996348396626,8.08545058485106,64.18132241792209,78.22202136593894,5.350420810159481,33.734364540598605,83.46111800931538,47.894771976776866,36.81959966776185,26.896769719726763,89.92208788836078,0
1.9599395407659022,90,8.12019215593186,7.707694352521436,1.576369693625416,6.9660721142984805,58.30142662212422,26.72699128166088,5.806177206758071,5.182847418852775,23.97805118418426,28.389738461558103,66.25631833239062,46.826268665317215,76.25900287605046,1
3.1200396667092525,162,14.80961176041107,5.141319316219251,4.541943325362101,7.893841031899021,20.15895108623631,79.34810154890006,0.26023563058359345,4.720676714268863,16.525077501011936,35.15864917306108,43.339157704890276,65.10626980129899,19.731548687187733,0
8.672014009045775,67,8.301300022632384,4.066035177858238,2.195089096714947,5.148404627859695,69.99461854286363,29.858275439163844,0.6460110049344798,17.528157558865875,88.01401468889986,64.96222522965144,5.840082933754987,58.2534591691206,88.60604287611015,0
9.32000263703208,40,7.918472127353831,7.288413756860825,7.814366741993095,3.1013954561682686,67.72546436783458,92.37253152129335,2.4216251695494164,24.686658725598214,21.634421655196462,31.949621697233724,26.508719526459444,86.19917506956767,13.059329525418349,2
11.658852190559205,116,15.425439825727471,0.6938627198892902,0.455506396056823,3.8204781301542714,6.046357392536494,69.87901252596139,6.431534065163212,34.79261931863429,13.08757624944887,74.51557466436842,8.941919655823387,47.541396196455864,82.75582292477183,0
4.921166260450596,46,7.648762246733399,3.3389247377216487,5.912083692908958,5.627471407226548,88.08465308105725,22.20945949406631,2.848087723689389,16.39243620801354,73.45278445145104,79.98111648866131,44.73610282038617,19.730813534181394,13.9965755282221,0
5.389826913366123,76,3.549443340895773,2.728993625154708,6.229376804293133,3.686227622037225,57.94133629298055,70.45416955672087,6.223834284893277,13.830034295246298,84.59896876039018,42.1919034457601,83.12662966572103,23.170711516810872,29.618318107718068,1
6.430336018395983,102,4.097125066647982,8.993833674583009,0.7238695588700621,6.246051381129429,79.24668810386102,63.28966102252415,3.2907939971590956,35.602277249096765,55.27365404885192,10.39855826239252,73.63369858468228,82.52931653277334,83.25064596271277,2
3.4894492703849997,124,2.246850582722007,6.046258501883188,1.5405810410045422,0.8715233350722484,26.291407212884423,42.003699735516676,2.0930851501498564,12.721484612521785,57.51342148025333,66.11673279628168,78.3688333206981,3.819769696972531,0.0,0
2.8641758060224523,139,0.8086355647359557,5.151375817124414,3.197591941010869,7.071887851473065,12.204779975345414,35.85887982053717,6.314451763131217,37.29617920302192,39.64372512000932,13.837646834670041,80.06956733883982,84.69825402770236,68.68774513603333,1
6.494901725372304,146,7.365574047207325,1.1228106282878343,6.971607646926729,1.8151845729928353,70.24495731867846,72.50086253985216,3.968628305538875,9.616742637961659,30.984761500228466,69.08209909461208,39.59040028804322,8.225280046774568,43.88398525422456,0
3.882548165034283,179,12.492487235732966,2.6674847772671004,4.388599519664295,8.02915992000767,79.38826862551622,74.30890983598927,2.5873416357072854,17.4573614835165,76.46042217545158,45.92708573413104,52.06039284288606,39.81589600040411,5.9513263053657735,1
8.533046944166358,27,11.948689930557505,5.661223161554326,5.311393430056866,1.4065847194730505,38.60335336192914,41.176467916202924,0.4064083250319359,19.246251205334783,84.73702791465175,49.4712363948097,52.2859588179423,78.21656537988912,84.17022566953565,1
6.090095148159473,85,1.288666134603323,3.1329518646479952,6.307500116563372,1.184979247260142,2.369227531631124,85.0981688671603,0.8654386138927449,14.878949234228644,38.26953871853731,61.88462292288706,15.52839207505473,41.315845421305504,53.28340666343816,0
10.243121058607294,15,9.463740134629301,8.54737066557999,6.659357749032655,6.9197593289340995,81.82540246538646,36.5061775110793,1.0612412607265607,2.144347297141544,34.09608826905732,44.76984475211958,60.6272173579295,80.30072958308094,75.98671591453589,2
8.852783571023615,16,3.145103506284835,6.429852800082505,3.9150194360527126,6.97709535270532,20.609390633044068,20.58915407798488,2.6173704038331835,12.126898086313659,33.56567131996441,38.57601105778283,71.9767194470312,12.428090445423615,72.8711361043022,1
4.779849734511432,56,15.104359528423398,4.108978893809032,4.168586482433154,6.305579127002477,33.90319418974882,62.98942758620629,4.290597394635974,16.51910303179157,14.452396785967338,32.94072843301727,61.82000717753636,51.08496928490752,0.0,1
10.238727914649612,131,3.3439479945915247,6.900691733440318,5.8004456852846795,8.16845589679952,62.82310077771302,23.56564582652929,2.222371789511316,15.4858704646465,34.734602185953534,39.41799310734922,74.37483192798561,57.752557691906866,16.242715684585328,2
9.95002575371642,189,10.32491610900172,7.945630765122974,2.254070398137886,2.372532880957495,9.995471921130273,37.13312514131882,0.5521406729771214,35.778886348519904,12.257280693272442,87.6781948916112,16.056887935611677,86.74164814030067,33.44346707561308,1
5.568522979816832,165,5.758823104893662,3.8425425877354664,6.86501994365109,7.043849407518415,7.199576613846315,55.57491144387504,1.9271802874896033,4.03681378906834,79.37987077721681,25.08381590417556,75.81103200907849,11.800412195884176,41.096370473725855,0
4.527445091267563,141,10.551732154658154,5.211939794524798,0.36213723091156425,3.0571404523647354,2.570377157527426,37.90876978858381,2.9199033912073102,18.72479408517535,32.52156095472448,41.54420117978203,24.35702961326831,34.828464416601776,7.299273584832211,0
8.666202791737243,166,7.066330666253942,8.64074626331947,1.7270184972358524,4.614148454782462,91.66398602394554,32.19970739360355,6.946662507839071,3.6131645899159737,70.73365666292,16.294697755969278,86.54489452407655,64.97872092030282,25.595840530327383,2
2.967401077897753,48,12.3465743950572,2.5004656720618867,6.441559555684725,3.8430402494911617,31.138274426865564,71.25483319245235,2.811609642781477,42.0178453435474,57.80057792756894,45.47024516090421,27.778612048623987,95.11342769484732,75.76119532819568,0
3.599036125988637,178,4.306322704983439,8.028729859127584,2.8540140527628437,0.1491401904583008,66.06588151171319,58.75994731218364,0.7154483893573633,35.97900579233714,83.69679943799349,15.509827745349098,50.755291683210935,82.73778645203855,11.970821192697823,2
1.577303832385558,188,14.568036164296753,2.255532532131402,1.3686960949999865,4.925482425728925,98.92352490177421,82.18089986002244,4.109692219870141,44.23294876723458,94.51332802501791,62.3182719696014,50.315765589066984,82.57053579941362,61.16187432957154,0
9.762705963772452,33,8.403186669562952,6.159971658629128,1.6566870945489458,6.379049457217205,66.94507935619434,61.49916757243821,6.445516501121399,41.1369028629288,42.32166204336652,12.876580887528608,30.003079796457257,51.615157765930086,42.41008070965415,2
8.480933994216336,106,12.292615845235364,7.019554139139348,4.339899935101342,1.5662400220322787,52.509479585618,53.67577694190227,5.528200322146075,15.579949200991628,17.77399215028807,61.8152370365346,38.638991351022284,56.044117476130836,4.620557614189073,2
8.904236475576518,176,13.715898909298652,5.6846770390183,6.800215928890905,7.9259092399015145,52.09199335172385,35.90050812886305,5.869906333391932,31.738086730214953,75.96882726596121,28.88523802785313,22.260497664030055,83.7065288435813,17.488898523967382,2
9.697654825730663,107,15.982194886513035,4.542408960642862,0.7510755830146627,4.555356131115432,37.69171484555517,78.36527000730379,6.5047993931060795,15.181825761571561,11.874604705528137,48.16109536389718,58.019364863645094,84.7448051081354,7.672372375792364,2
6.31861564315257,178,4.203974117028165,5.816733607750039,0.43775109117226535,1.5972664264691856,59.97796559550853,30.74968068514938,4.492150173360212,40.193081080973826,29.620773434789673,22.002526327274573,89.91160635601365,78.4138091543785,46.44967056356159,2
7.471782557505384,197,5.160764686164513,2.640451244721598,3.8283114595273764,5.525959595701836,95.87913895457044,34.37827287785282,6.964966841509141,19.66237340859568,14.686058825636191,60.267903163753424,34.44450422963348,79.94569986735011,6.921158334768394,2
2.967868480340403,107,4.606582918324701,2.906270258786359,7.65826183741835,1.7121507515288896,78.80440336983101,82.3270877402456,0.32964283216959056,18.16316430188198,89.03705670254375,81.09820257009795,52.24982270874556,85.68520674608291,72.13838252473263,0
2.702565772127721,26,4.795644248828696,2.826122081101634,2.376276466630186,0.6336801256808259,42.42266170332375,74.29540205833689,5.8603937653905795,41.304956002033336,10.46614318973836,26.617232981086865,85.15489690750441,13.6955015226414,64.69141773378063,0
8.518231098799951,81,9.653160071398537,5.287879551622848,7.681530204722977,5.856648036321634,33.24448290325333,64.02987911836163,6.013373619703605,37.979832367653735,53.3613105213404,88.79259897564422,47.08241136592894,30.508101429067263,3.9709316863655584,1
6.446510164502891,56,15.901542351816813,4.827962624058427,7.12391317740201,1.0298370197661537,88.35315296231214,18.113642462925874,6.4252326962575586,43.55578279466497,47.31192318999025,27.861221009979083,82.30721054658652,94.75467219163912,72.78704149052149,2
7.434979118052483,107,15.852226923809868,2.2214593115153636,2.408453595822587,0.9922265663620567,13.578582562659381,25.18060946277812,3.3993692576873586,4.858987679701215,67.44153048023628,59.12874165528234,46.51433186079788,54.208959036615546,85.82937705294287,0
9.532488002868268,129,8.806953116707078,8.263613083692205,6.572194901197944,6.315525930727231,84.95852569643017,54.99659681500877,5.53551587298214,12.463571755670976,35.497479794093984,59.638601828673984,45.94254940411122,19.58760284391905,0.7728742381157723,2
8.164542360006203,105,10.513213596023041,3.4110900041957306,5.549764960036787,0.5636987589477978,25.507676134233236,74.70711387863128,1.4460547539361408,14.936883158282964,86.88519524131233,27.458066951933755,19.623316482678806,50.28722952075555,89.84845286984316,0
7.312583706908956,53,13.87155226426441,4.625531512002425,4.192214633457106,6.902061104002819,71.56292357759177,52.12806913534586,4.261598553729679,20.24713862105477,74.62242525916261,40.46533903449341,16.623030671675103,63.70371247853758,27.99783623233926,1
7.371675187826842,73,14.980588568493278,4.465347317821819,3.498745915734423,6.787649572641752,80.622058077483,16.383441953182647,2.574651551307884,22.34459197578705,48.041909487316495,7.730151602718879,61.86919721938736,80.85286649013979,55.686404995207,2
4.691476029657428,147,3.898681535409067,2.2051444708552075,6.560921496218563,1.2877047958532346,47.699651726347255,29.741599893345736,4.21359818956763,14.533314406869735,41.50630995710364,65.22351913411009,81.94201779512102,79.34461224620598,6.508301196916124,1
1.8235872629633638,20,8.833834279925284,6.149050988498027,6.386019575021166,4.454397437126539,19.228397614227433,62.10133596961745,4.761367499392272,35.989368195236224,81.79816577978744,46.50259431885532,17.592803277068008,7.628700373247168,77.85668942335586,0
6.085532586939805,56,13.459123230854987,4.8254951127713035,6.1041034203519615,0.9116541241391157,84.47677434623753,70.53736477503931,2.4947738005486344,11.599498212857428,76.62130627114783,75.49021231368803,89.63873698794986,45.63134877540638,67.16296810728846,1
3.7531390646050564,189,5.408671564845792,0.7429428512271165,7.986396419479307,5.413598246202292,36.750834505331476,17.67426501695235,1.5920442651898168,31.95024447186186,45.11200510611618,31.86119323071741,38.37582157338329,4.933491281578762,89.07810280006507,0
5.789550759108679,34,7.485097445703094,8.164660613317924,3.9323971953427943,0.6286121089525911,32.06802604825193,18.46654027684003,2.31964657112941,38.62603757046019,40.040723909691195,86.52802575116563,44.54892020643643,86.48667562462757,89.28680634472889,0
10.460732269315745,95,15.781440742982522,7.258555186898583,6.493999226995344,8.033639193111078,51.00161823534396,35.90480923650904,4.681304991241354,27.959024283862213,13.42214309030371,18.5460481910211,88.184166387686,19.347171098750742,0.0,2
3.9563646015860776,55,15.772709790157238,6.425239634870731,6.927331262471132,1.844938177104486,43.50862411039177,21.680135630925193,4.770432212342392,17.228833813391297,17.190237598732814,58.41683682148962,88.3555698798908,61.73822134575802,50.28661234048059,1
2.112178787735193,35,14.572823523630761,7.922098880950593,1.8505001353387347,5.836315109968618,68.30522170387242,58.35569857546918,5.215086858566282,10.079323414456006,14.744824088772653,29.619243456771258,53.81187555277619,56.638126900357626,20.70715687566348,2
4.4545308662309635,97,12.936414841386476,7.455854235205579,0.5281182480138756,1.1776479647677245,13.719780837266537,24.896158556534438,0.9731025991516713,7.776886359358928,12.14856279862636,27.89270877516021,30.739139834160703,61.79976685642938,11.145688893547577,1
4.5827344565501775,116,4.890783610986647,3.376134196104087,3.3570375370709216,1.8606101659449226,43.5689654047873,66.8575467921138,5.747769992755785,33.999513783409654,23.452769628388722,15.825750787924768,20.990370927450357,55.96116254615235,15.059707173563057,1
8.450123404632398,49,5.676921125821249,6.174956095207205,6.882546138606853,3.8879770506203135,89.1701811225204,77.17802554460695,4.848219830632592,22.17267589609119,85.42847995589058,55.151103403178006,30.256944411040827,70.2653356724611,86.64241322635434,1
7.3488375995834225,30,9.118699186314096,4.960069485939809,2.4550055933171797,4.914007587268736,3.606270943972545,92.64133310016854,0.3104850291654103,3.991740700196808,80.23801934651613,33.775935109481765,77.59834797913662,61.85433680617766,54.611676529872504,1
9.730931195617341,41,9.323816093342584,2.851941050018373,5.660079201725908,8.490451219290136,45.73383331533264,90.87255693101714,2.4156251611018504,44.30509879853267,84.41049860888134,55.22618287144373,35.186944605869414,11.488223196456541,3.3592184110643313,1
8.47529217343757,142,8.483642854227417,2.7781675393711254,0.25731548470124893,0.31778031596393075,66.05319663852102,36.86921201882225,3.3203076657546924,30.86603686852657,64.89443180544153,85.72324253316471,69.59421587606981,37.47618739469938,84.00643840989406,0
5.76706204512074,182,10.477388254727853,2.2426628349290536,2.9718425720978545,0.10264112501033047,88.77110870419853,17.352768209853828,2.5882606836690223,38.29984971136002,64.91755290917897,27.021453690529363,23.15367647200253,54.37978297785727,75.95887621658602,0
10.047214038993364,50,7.006509944021429,6.139882865446423,5.001030219113579,3.0430835956055633,59.378622693317574,41.35297728894144,0.9101765286380505,20.842112866631492,20.905993696665465,8.39979541955768,49.50083784006767,33.56855803442865,24.84352461430525,2
3.253215659030891,77,12.187447191196101,7.423538008878221,1.2121060825642276,3.1757134895403274,82.44842712393286,71.67840949701227,1.5306893630845486,43.08386069474507,71.50895112053004,13.662528655073647,37.745878093470466,74.47110317184709,41.99634444850547,2
1.738476767905535,82,5.869958882471001,6.42329596472733,7.193533914749985,7.524232783228506,22.269101895928646,19.784096741803143,0.26947362487991455,10.579575899737472,34.64232415660162,21.340670477778595,51.83594606878145,32.882385215169236,63.24109577340926,0
2.4455025381442383,85,5.826290353584558,3.092508690480301,1.418937021513218,7.765693400657336,35.280943622785955,43.77701261371429,0.7422324133326835,9.960853286369092,55.69429302118569,47.80758177838882,58.00491205557642,80.89631238448571,57.43009981306476,0
9.084773181262728,62,2.7338346207557853,3.0405380021743573,7.296389651031158,7.496409801418278,94.21322739280427,38.842763803752554,1.9374708122993591,40.28439359512543,94.01558913447545,61.73188089898338,97.1569517110034,16.79296977225947,30.578272281743317,2
6.349710917639568,25,3.668425592439572,4.923917168121275,1.8878366077272024,1.3027015040828014,88.59751130926863,32.547650865518136,5.757794832886542,40.34383375224631,86.6141547000216,25.429282210411262,88.6902393885958,75.32290110867223,36.68801767506597,2
3.1933536798528186,117,13.727917359604636,5.20096051166422,7.955373656543558,3.5616806155210172,55.795298268870454,71.49046037842523,3.733798818566682,23.457837876458814,30.52102864202971,18.177702257019718,69.71558240974974,20.245751433807754,0.0,1
6.760970138585317,84,7.583491546422711,8.026471983864374,4.917039963705609,6.365435363278195,47.548833779484525,67.72776040194992,3.0290354457686317,7.408813280221081,74.82525418162582,60.57582820058341,19.29814275932894,52.63343635874327,48.08522604060701,1
3.099277078488268,81,4.263590355603074,7.642597266801269,0.857890176618828,2.725932969387628,45.10673914544585,57.83952752274747,4.668924313313988,15.124307702740692,19.159985996410576,32.78087907121579,90.4696557395473,33.12929105860873,20.358422897216876,2
8.811363938316228,66,12.341984720340289,7.4191663434782615,0.7091624289335468,5.67119943948863,5.878966156701604,87.86197117452781,3.836422866242536,34.42855053548211,12.353338745474868,61.798504407843055,88.01050457584397,62.909436981841715,15.667870820519028,2
6.184640893527322,196,9.220513112416263,8.066400788113432,0.7843892308238563,2.092000050805173,89.23771039565669,23.2511082184218,1.007446094613821,38.37765204405605,12.479336180803696,78.22625078953334,87.46341899690421,22.997598525110153,14.331470083998541,2
5.500722874013066,134,1.121571373634061,8.865600826828327,4.801163428869424,2.816721766870788,81.81495084153354,26.975137958250464,1.6361012103869081,16.949154153027134,24.981690611185087,26.09140512425631,49.5485683848342,77.7685149350779,56.43331914487953,2
4.665876936052704,96,5.60869415151807,4.416201580254568,6.514717778153605,7.327609054527264,45.62511447278671,45.67597433755304,1.635404290835193,4.633048318125317,71.15545938425379,50.23678568671442,20.875724128678286,56.91688343844538,41.163328383920536,0
8.117967227748329,55,3.4904214490443835,0.8662565915287084,3.343109385809945,2.204275903147559,27.94399727194734,67.47056414903204,4.239672337025161,30.626247307629566,41.97091862430564,77.49434926787939,75.1594989921097,92.98367648471138,31.070914165217232,1
5.299032410810599,171,10.769267486939178,1.2402289029701208,3.669718922398522,8.200322329832849,34.292060642653055,61.726343379632965,3.2852081267064905,33.79837278184662,11.402934629068877,66.92587363447865,41.13189862610938,69.90641091808472,12.400648442987837,0
2.4203241528190604,188,4.980471817579843,3.3556063402235563,4.796444088584098,2.672580311869514,12.316058587288946,20.923414997434556,2.7743369316698905,20.23263106213878,96.94599156116209,75.40211913270619,37.04485094137785,60.095180713305595,87.78523867720837,0
2.739061972265411,21,1.7871910439911431,3.14623365888469,4.357716717333575,0.2976361225155298,72.17897413057226,91.67398429971739,3.9408102928843376,27.07319729956838,56.9372994844154,67.57462225216476,41.34272716801279,80.94091690195609,18.383445937658976,1
11.599925477769903,196,1.6350118358045727,2.2218684709292327,5.566881518189907,2.241167591941592,55.66698565548577,39.40518531691132,6.793798921899644,44.45697439353558,44.66145892979594,50.90631198284785,56.99356184432055,23.650161369607005,32.509315081895274,1
11.040097252429874,151,9.642254928972466,7.958054610573177,3.879928617271607,1.5381215148447764,23.410342282489495,43.71780910264751,2.26793484678555,12.534939772465354,55.658790764297166,55.747500190689685,36.01725125920679,62.477791321258984,16.2059378420585,2
8.84692490501287,34,1.1301965267021623,2.516022549352683,5.768113343499727,4.357346516227418,62.30055720776897,64.89038392347388,3.6893484920712694,26.63804083336779,55.75744006755239,64.6997460239781,69.16261682282502,39.697961861916056,57.94301424408224,1
4.291634595324956,161,13.701640119668548,9.05001855124729,7.979023791863746,1.0468149571540242,97.92302142549747,90.61324139677878,3.414553107944398,28.271297783193628,51.38081878418345,57.237122991345515,65.23831300416062,72.9163520397652,33.817077080110536,2
11.6763519621511,35,3.162036212710589,6.281980028204187,2.9323231695403664,5.358810568861442,12.23951354761792,68.01505912826175,5.044836919046329,25.611609429051914,63.939503592917426,68.65646394684501,52.324223085901735,5.300124492178991,34.051084173221135,1
9.676884491640843,24,10.019808294970533,5.805349824664724,0.29528061073973627,7.449152192674555,45.848501062532776,91.38186636381633,5.139002849082121,39.37257099158322,87.93514254841097,39.38141927783583,10.01951054675106,43.204937073529926,84.58031244276805,0
9.027346986169455,37,7.559258025763334,6.132372133997066,1.179875355302907,3.14515860715138,49.41588209221267,30.00728950563832,5.13058797774998,28.015323872651006,36.55080490278361,75.86249845045076,92.09846946051903,64.2599787722944,59.05390152789773,2
6.218295772509781,104,7.531343122724918,2.9521632562604028,4.5174106428982395,1.5153388421653975,16.67972138238024,64.5047943178348,1.4904851015773393,23.83927096282547,52.85323881044467,31.936084396602972,43.287754330196286,46.30009762556306,45.55658413925849,0
4.35853639937417,135,1.8913165638726972,5.95098589605667,2.885210739728286,3.4602099645890694,53.15802109973148,81.31031135010278,3.1987426408921955,7.289646146430445,10.320671665315645,19.42046983131808,46.799147068587516,25.36932999709259,40.155061103479994,1
2.5121051026117427,94,13.001834203225679,2.423235896389322,7.531864230898941,6.702121300185267,60.597725854809006,55.72195746038777,5.697105368101049,32.2379955696173,85.66365675600183,33.95282804983378,47.41102363861441,46.64882965786697,85.73684574017558,0
10.977325163710338,38,14.37439776824944,7.728155271380131,5.094079502837587,5.068496462268603,15.73445388184953,43.973894066347235,2.7325581767304423,7.680616544272116,36.91954222435423,33.55048033251542,38.947600116177625,82.87598539601547,86.94041329537306,2
6.2856510432529165,53,0.9674533442402726,2.700780844301116,4.25877045053065,0.9496029919518663,15.47238990088764,93.78068240255017,6.891360309300509,3.1425054146616174,33.87412705289646,67.56856612871997,67.7366756874749,22.442867626024423,58.351089091874066,0
3.6248153303499184,181,3.514783470596189,3.3148616490062417,6.424708109921746,4.61237209634708,85.6348715633756,26.27898723173284,2.6170285183661743,23.006840011728876,97.78327089057105,20.47290219530666,6.294345711617982,37.51418338118646,74.56077493514702,0
4.712544553581852,202,14.539343669691279,6.154128517071907,2.2170009941829423,4.031917204226983,31.138743667004487,47.87436220229253,3.533901108659581,26.61514670235249,61.42657860957654,64.5064575964014,86.23627462589313,96.091539021012,73.0931110256441,1
7.581805473889908,162,9.152302914560885,6.16841161463292,6.593960614202405,2.8477429505777563,63.033338707863095,84.86990020485281,3.3742266041375735,44.95932463907684,20.827805660407144,47.51215777852735,14.526829350069105,88.80481387570224,92.06588501296616,1
3.356114220861933,35,3.080601589372794,4.5427437608574115,0.22387661793992497,1.0253490068479156,62.67730756752141,87.03845972047367,3.0922802370377735,32.63005216157732,33.36619735063425,17.624986439443123,97.97337178474802,6.193024159905633,0.0,2
10.494449982969943,174,3.8824148796592146,6.271164479872901,5.0334834246585975,8.341340259210309,83.9170875582635,93.43056812478193,5.934856441405389,38.489383769785825,41.083939767435396,23.020155912722743,63.41168451343505,52.851204954589356,86.3384082073458,2
9.464455063269707,149,10.831790912404136,2.3958477506348963,7.491105778157076,1.5787638871033474,73.98946312315235,85.78780738115051,1.1713991390812935,16.894685678322478,96.77328421261754,46.465008997463116,11.16092209173561,9.148824523701052,68.37210001564166,0
9.054361037484837,117,11.81721569815247,6.596100635289034,6.345307625864186,1.7190402826422622,84.05764334382778,19.076562030993003,4.016886474256483,23.883331350938604,47.8947076565075,62.398517290654496,57.30664652669621,89.84706282382481,49.81007506501605,2
6.036976917638589,42,9.911287490415017,3.1131251975529635,6.858346698749403,1.3228946136587811,62.52147896506657,89.38131997019906,4.368350883752423,43.89356659845979,30.2517909697672,38.05144983208746,35.81162469930217,44.505221792392895,36.9784502095271,1
8.086742827375653,209,15.287855374670391,2.8846442404636043,3.296246622337704,4.88962152507108,44.9457160513994,49.25337531254282,5.973427025678658,19.94770774213938,60.13632513232791,27.133794732553415,93.63301975073973,42.333078369232155,19.43031655766833,2
7.633028673583723,101,8.30976677565901,1.9322146158942028,6.629063779580985,3.8268244256546837,39.35665213130747,67.12953499652656,4.303481103490148,36.71348826650251,45.618849909016916,33.194427013775275,75.25880344471528,28.6569269928952,66.24496477268114,1
8.32338931632561,23,5.364133064566405,3.256421040111711,4.4964869872360795,2.1962803290230704,37.90297666614359,46.54206953336953,6.724140399735687,24.617532063013332,14.836514156484597,16.830250443108962,52.15236418430458,56.46898415686246,56.47503470566015,1
2.3866653719688355,55,8.053940231632106,3.302633713532313,5.024613844724952,3.707156417380837,41.83930979091578,80.0934461290839,6.11795721460041,11.630359615792756,85.76092589598065,10.393119023942818,44.96929815419513,16.629879961378922,15.571107032643821,0
5.865977722791401,93,6.266927663732486,3.8690471454632056,0.6595396468192674,5.75758354891843,12.930925215377032,61.07354210582129,2.5063056436338473,26.95800140006796,11.380502400930744,93.70078486127858,97.61580451842688,78.10177005034143,44.15088164014571,1
1.936948825549871,27,4.211121568655232,2.197855806268595,1.7721032379602586,2.466284464588494,42.395837100316704,82.64357140432034,6.033354472506758,11.376667219923824,89.06655994560194,16.218690616320302,67.06671990135075,49.17377241557887,6.056437877853147,1
6.686903602067448,78,1.4986413899701292,2.169982405737924,4.49752244100571,7.788064518655196,38.94449072026212,30.50171772166138,6.713496917244844,2.1301605646568684,79.6835659169586,19.134531128942015,52.79546604238541,56.24751178353109,41.70617497744058,1
4.963542729494246,106,6.153629902189887,4.428135044785028,0.6586482510232816,2.673308392292729,3.457166331823147,29.79864758039218,1.874660548379646,12.143528665353761,16.672442492532177,86.73687244851864,42.00880292008747,82.03564627952493,51.69997579300656,0
3.0175039830934924,199,11.613422085188082,1.5033145543536297,5.983285091384163,1.7647038589119677,27.513075532634,50.23014412678296,4.310440765984418,10.305184791268886,73.67777484754873,65.66884247947696,35.186205741972245,20.403984745185205,57.78510154564001,0
2.5857311610867924,31,1.080254603702946,6.594956127748101,6.752444666470832,8.118369913731641,75.19069747402169,15.380123596998443,2.0444469951607354,17.94961061957565,77.84286802826006,39.16350849751861,70.60400641355153,19.467208894158876,5.800662489840198,1
7.670268007865976,127,7.475513400730207,8.366306094287987,7.378826418099478,6.908709124992707,57.79455714096253,70.42823639170065,4.582014225667301,40.20966686379939,63.003022461724235,59.621813532691505,59.67335288626053,42.555357249765535,3.149459644994746,2
3.291226169637304,193,10.588942902038,4.60031990660703,0.9937939816024861,2.982356048685111,80.61674967560302,38.68429822464088,0.7461353513744511,18.67768216474306,60.83503041373885,79.70506040492756,83.88118968326572,76.89605467229245,13.961245292720449,2
11.213761242956371,172,10.07814245944947,7.9784952360234165,7.52981793457784,7.168027549608558,54.26880443807649,59.58394769715599,5.165897350896497,38.343067982112615,14.372458309821717,14.565308139071355,56.481147267213814,8.503282030893736,51.28716788228056,2
7.601141966854147,195,12.605056225508482,2.0724183415597035,0.727436059508501,4.45803969289192,85.40837654752674,20.60028483686775,2.996756817307866,25.891359865657996,15.235680720404865,21.5626750079483,59.15681928225838,77.74599916648208,80.99827422848932,2
5.142132947615789,48,13.119899678028922,1.5538591957099954,3.8976384842369596,3.0127209853929275,79.60670996017167,28.651548750615518,4.152419532867413,2.3274322815703785,74.00140118554133,73.66785989444402,49.39415402041578,50.07111979763012,68.56754065005804,0
7.704612660554876,171,11.617928477974695,5.936412530558481,6.753957960896932,7.1527373521294,9.828457014224712,64.82873360175462,0.2784505774121372,10.115678654838252,19.289735744864064,78.22051253771593,75.92374800506919,55.80576429513311,60.684804200123295,1
1.7394406458118237,205,2.362524981400191,7.479879341776212,0.7484268808027519,6.418186561661299,97.70063680159925,39.453010168883445,4.898546040951265,42.04495594394557,31.282280862170026,81.89120600099096,43.5942723771622,56.05227819824228,27.864639015978383,1
11.564871739035176,78,8.020341148866281,6.780806529291296,0.34220236931407233,2.6021486782020893,1.4747446901328787,32.17775540685069,3.52234034353318,27.979458186501898,53.89762025645557,40.818472500570714,84.23038323988209,8.279734562025702,0.2273173359109677,2
6.5641860879004525,112,9.971770553811652,1.3844329124613193,0.3945922059118754,5.19609952816698,59.683803792961854,33.307720064621435,4.41423195304611,41.970514918607776,24.44640327791598,83.87616235562535,35.4151627873964,26.47845498550561,81.57563546745209,0
9.718719886128005,118,4.532603789903664,7.3470818472024275,4.187907867601061,3.202877877566297,79.25115093167622,32.185549178039636,2.2781090093956013,15.335160873048473,79.50588132840225,30.84598884841715,69.41412931342978,73.99796044238158,39.08483269012911,2
2.3686649991856052,111,1.446787628231003,3.539307784884261,6.530454607853971,0.10883656950726035,33.18941398509034,64.82807595444385,1.1061591966077595,32.81218226615794,81.0492660925598,69.04242863078149,88.04629361626766,41.753203231992664,0.0,0
6.609912473800684,71,4.198572877315913,3.33436500740539,1.1939280343662773,8.179252227762346,59.85697922971579,28.41529715755657,3.10445969977338,35.19708187558217,84.1086025909585,78.69054797583715,76.52386932373926,55.6885963316743,40.977795422624595,1
6.65242344072247,204,7.71439490633611,1.9738605217984735,1.171959981820417,4.716884239011828,36.21225308474483,44.01650873439123,6.613455936875907,43.955082917658984,14.361994628174036,23.380953412884853,36.86255725398347,91.81765047049542,61.1778922621518,1
11.34717777723732,201,7.091740849629932,8.053385430320466,4.634665469388374,5.126833853992578,6.061497500750191,70.03094924747617,1.671778783911257,2.78158877626531,47.652838188558945,31.09816876780159,70.68952727442188,7.3495462218319565,22.02658784362154,2
7.503144549948791,89,3.4853381161728567,0.6147884823440859,2.0275056863330048,5.139087975689277,0.8461519089330904,56.09368458781205,4.763289183043236,42.94620025029959,84.52875519886155,63.08418348125548,24.24958775872755,45.269954373339054,1.4952248500071734,0
6.471638711098015,172,13.33111624878909,6.766170157558859,5.895667134130016,4.725388270882983,9.486203011118832,62.78246966203871,0.44392045383833556,18.8383793569791,41.963306346989505,83.51966343116867,10.409352389018272,36.95976848770242,60.935764049718586,0
4.303244462464883,92,14.870437364798214,5.289779472143233,7.6071560277786485,2.536401896098185,9.840959412004679,35.07255835709988,5.054888518341806,38.03367344702928,71.23219329242598,19.97825791751452,78.59850178697113,13.00624606230567,0.0,1
4.981474472096798,169,3.860494449601271,6.76238119802,6.175060571483222,8.261239449227672,61.088977739375,89.61718985321644,1.7452165889303024,25.42265548350661,61.85363956872084,75.84887077144,80.14484771654489,92.37466878342101,30.82370346204233,2
6.967060225951147,129,14.929508316621769,6.45877657072971,7.041967857755548,5.3220146651283935,52.58652309625133,48.11033986530685,3.215467715582394,26.279930350434714,40.55435827023172,35.0651602568428,7.132577319150567,93.37720143636308,80.42023229834967,1
6.10857033320299,106,1.0714865794627486,7.519281052320541,4.252771249059029,5.735739428653276,45.546330017314204,37.95711492898676,2.637496394103941,17.453249192017353,34.323624959957286,41.42939615694738,93.14493628990755,32.27988649380425,81.1267412756673,1
1.7269268387434695,39,14.85942958514557,2.5206474177066402,6.69209057289676,3.920259161463219,69.19214756024175,87.34609472467778,0.8785983688897528,37.624321386262494,67.44139210474779,32.13772733242847,46.46868390218073,91.9913614047734,31.073807898135044,1
10.176065204040757,142,15.2693176092298,0.13007106481144223,1.6266448350961225,2.518035764122574,1.6826137012448394,67.42316922115096,2.4845154723312524,13.352583546026835,21.758924056254934,90.38361389023888,89.1903097114912,6.306319032082847,0.0,0
10.909688104317551,77,0.9831883178420631,5.207751937423826,0.7331135450858937,0.6405314502694065,27.09834814157309,64.11566905107604,2.515862212222981,23.166379605680078,85.69078167972276,21.520193403723944,78.30023088497634,95.20422309160298,36.745946921010066,2
2.972615434485413,57,12.397893311006571,3.983833074457017,5.31643425897255,3.0419336511702446,77.73927312876279,85.93877217329344,3.702528909305286,26.087503447001442,60.727022815101904,50.22649823703445,88.76077808621025,81.57760954241445,14.716671905657432,2
7.317379507160019,52,15.54706390306162,2.3518878649493535,0.6052295293128362,1.5792184058544938,90.99771065171186,19.683222901710753,6.809225577285913,33.928407017382,19.812308451073847,12.733336987666815,82.50393387988738,23.147040756254107,73.17736816541517,2
2.6400452819221574,206,14.56971372603023,2.1841673921561013,7.161355069289508,5.6615414533588995,43.83365962375816,82.01436096060642,3.3431209053233495,22.28031949278609,71.910432777016,85.05996875807053,95.58156937157464,59.35743246985132,53.9651104935921,0
8.558520976918022,35,15.554794450182438,2.834897140621714,5.594122347437865,7.483632632342843,8.148398013846636,69.22914914440807,6.409540473865174,31.252164650098234,47.93790438965287,79.92455534124096,63.50639311864818,78.04014006271447,31.170913237596913,1
4.452954730309587,170,9.164917286604117,1.7730638649248385,7.627165658189513,2.6431408092634796,79.8728739228488,43.79942358241035,3.2847478440816325,22.86764614296294,27.95916455195946,21.627339936013655,26.135072775882694,33.01410261673123,71.16431237573087,0
8.423937664264969,183,1.9879733262579018,1.788852903396589,2.648315919243238,2.8962140534779914,88.51704332727336,35.50810740190845,0.8420487760370823,30.35078738921957,94.57409777738822,25.552869318953007,41.229371158167844,36.25266845672598,29.310859001362502,1
9.133443450012267,21,13.716795806636549,7.9157317921475165,3.9920348117726427,5.731061832163698,41.366027069371945,23.38447199052461,1.6880549774039875,30.98816947695037,73.32900508126946,40.04720788980272,74.92477012157455,62.1234409057351,40.03755479369903,2
9.5707986651354,129,10.130189488296976,2.906309075382588,5.9851848473519285,1.3538800476263855,24.3355253920277,90.2859336197352,2.911871964797442,32.50598710275749,62.18343885286366,44.755982986796795,19.598142928684723,16.82684078774316,87.29136529415959,0
2.6312799325369136,127,10.143998511661994,7.921182845553444,2.0936760865944004,7.9072743840926725,4.39716682229453,26.352968266362893,2.345044533494275,37.40189113599402,84.70031193322383,82.13591057489344,91.47533726464883,14.111797313906408,7.14906505240695,0
11.118124373944884,84,7.14225486985203,8.546015316462958,4.426420796871002,3.156312960614058,59.10828218948559,35.75508285847074,6.074222083974193,25.251070121276445,57.86054150962943,52.398943340345106,24.090938967490626,26.481696143225886,29.778025163175347,2
3.9172469043962486,145,9.491998043120859,2.500130417171698,5.343844745042729,0.9500753457849072,90.98694905624993,70.2885743655576,4.782654655156204,10.31096104640541,48.84941388529554,35.96188128701344,86.46565065070376,72.67841606262094,71.79637024788056,2
1.8928318398498876,94,3.1344126421089404,6.696945228608364,7.8347075046869215,1.5673456413333888,67.78880255203256,71.81219503087941,4.090328318238846,31.22455618961938,26.67132366774233,63.86769811739207,49.986326869988666,37.46032728268632,38.95714867227033,0
7.325950928610576,100,12.044504403805485,5.290506661156474,6.008685695090602,7.935067038462647,31.724859789473435,27.86149636820752,3.489483903533165,5.31607759016296,23.498357410399723,47.926807170220194,83.1776737985347,50.69167283526867,19.59167978290658,2
5.394683980555607,99,1.9402630717434435,6.456155531536667,1.1214206321767772,2.175802022299768,64.28883242899668,80.13049286125022,2.8411672661945615,11.415065965830914,48.013299840722645,15.357708212798139,94.12149986543345,21.37235233990807,0.0,2
10.212792302890339,171,11.892667659065639,2.0248046705415863,3.9076009207898204,5.663057952182806,83.20684074480255,55.822981534109,4.324127834840878,36.062773732586365,50.12576295442139,10.608507775202446,44.2597130430424,21.24593273085976,35.99588414783417,2
9.986640456675168,138,13.70447202389778,2.25578670430225,4.792412107318662,1.4117878777214272,47.58300593494579,82.87653424920872,0.9597894415662289,20.708016206192838,74.53150046030399,34.44112347340793,69.78422230536503,64.14241836807213,38.99474334233355,2
4.829958374638512,88,7.98152389898022,1.8530933114589376,1.3436605143419513,1.7304542157297331,81.97484899978386,21.982831187803562,1.2214789986966492,23.415899209002333,48.90348088324512,51.92225388209387,26.084737117069714,13.187273675634653,38.09370397978857,0
11.505443648232323,195,8.54942156406715,5.421333768547758,3.5693352444524113,7.485601038759811,39.190967666635416,18.426399927495176,2.1915028384372297,44.45806749479179,62.19800964975677,19.921275368141792,79.47307165110408,65.77702835834218,16.498555843463233,2
4.554637300471246,171,5.545656948415589,8.3819774492419,2.4152453674194194,1.3434790488615194,34.85056785957706,65.95923051954799,1.2811738535814137,12.112416891503472,83.26163011870965,55.08504531035248,81.253085383329,40.66597412079718,24.703550771510333,1
6.908099856933003,196,15.535770472628931,6.224861923727713,1.1268548296438026,0.25750492858474494,58.2988625878554,27.001903768785347,4.771981161271235,2.8407682300451857,97.41345320492768,28.049782505068016,32.45785047505003,66.09946588005681,58.90495317998693,1
4.187633450959829,157,11.94349201330509,6.365577111445518,4.193927081014945,4.310358792020721,46.468641769448126,56.995923658664,0.27090141770309256,6.789022209267297,38.38222773331286,65.28433081237652,7.245090909774157,38.88257083945593,86.58489759279988,0
11.328457485514114,91,6.408626010165243,9.246178516837437,1.4919380318962943,7.346905231408651,97.71119204610832,16.1287007427607,1.2052246925005758,12.513579965415673,89.37199280809645,1.7120134702614322,45.10208841552369,82.52890526305283,57.30147558491341,2
3.228382084611191,165,3.4570722707416772,6.179236470896633,4.806191786968642,2.838324781491248,51.63894235281747,77.39434084385601,6.327995955541743,33.21456104904817,80.93247672311671,45.66671403643676,20.810049684804717,8.222279906271496,61.3472976022954,0
1.9715615036194545,79,4.137609801471788,0.9566752642473457,1.5236360714865504,1.1765630734239685,38.51720289160215,86.96241361428012,6.983047722732399,35.360347375344766,15.984588748120672,13.17517190552496,81.1252504650052,86.96994731034462,66.3668170805207,1
6.068519130031898,67,7.8516187488727605,7.502251207147072,5.844040404102004,8.350738968351358,39.493354312853626,82.11062095714304,3.4643742970138423,26.316025022606894,39.40598591514243,36.11320865779502,29.282046855595528,28.25415066038095,15.087509895186578,1
11.91994342258629,102,15.127039684777936,3.748074424850854,1.7228846596314291,5.784604487711071,54.79399506131166,91.66822505203346,3.5180535038501324,12.966995144020938,29.275780465425736,7.525697766001102,92.76342970682703,6.998967736755274,16.30466219237801,2
10.862611295676597,204,11.959024455565956,0.6313494631777248,7.191023786053966,7.245801308364514,35.491203800819534,87.24766037270317,5.436451459438324,24.434901464653414,68.46581597322383,48.256604519837175,95.37823338015069,55.86601565692516,0.0,2
9.360384204297967,125,4.071704972323077,5.119219245481393,0.404432981080709,6.417961487562959,72.29066019649359,50.52144146322922,0.349708085581968,2.6431749051591713,58.86632398715656,67.09581145223599,89.52174093855291,24.08929765582306,21.402401740271852,2
10.853321154224512,89,13.865329227967251,8.035346605704781,4.27157961895674,5.965235101509197,38.06629277016409,46.86785667549173,3.046448225116749,31.317440537897237,53.54689262788072,17.227656289687147,60.76414642667421,46.16509357930725,86.95306539398368,2
10.881189716827564,105,6.548647949747152,2.6707145699757078,2.696817173915066,3.3303381638997305,38.41443865252431,86.69469343772344,0.7888123845232229,28.41479488259422,77.19361121506682,69.87717325110037,29.87080437069018,78.41753536983774,30.24930798227433,1
6.948012784057715,71,13.746177177838284,4.8467166162449615,1.9555969010418082,2.824455942910571,61.69732493768046,89.15510362857816,2.866392040329753,2.937251193406374,39.33116523145454,53.61663517863461,80.07503257947234,77.40539551032627,70.54538276610434,2
4.817255044223327,143,4.47383388931319,1.558023035255301,3.878501677488155,6.122452205513582,6.084687269600996,92.82687586544296,6.888370703789236,37.13150024621021,43.682202008687376,55.90868770715351,70.24837045234534,59.43624793064098,0.3326207141080548,0
9.606130537165374,83,10.203641301432027,1.4732689915260813,6.767752383329234,6.120389268688733,65.53549181151462,76.46537878742262,5.300069637543191,34.827341011971235,86.17578744383954,54.271432079417714,95.87665627567439,94.91995941381884,30.495451660626554,2
8.44744326326149,123,14.885391418835486,1.4432661830557563,7.33916220310786,8.084942426012384,50.49722171586871,31.159106395310427,6.896816542228004,15.253621059437464,95.55434881488058,34.79990645898424,40.08443668041017,46.592602953123695,30.470847878018375,1
5.423406153173955,87,4.719988939046471,6.477622717096006,2.565339221553197,4.876742469925907,45.302611428664164,90.59633088885779,5.247735517127151,29.321195977189156,78.31944598756924,66.70976513418175,10.465423922597973,6.7025086933524545,21.863429974454018,0
2.4919000146459105,77,11.332484176904995,7.933142505854109,1.4031002523415557,2.5748172886164578,71.92529907079513,90.77131734529756,4.29595949546546,27.864197428993847,29.10224578039591,68.20421702809688,97.849928582022,80.02596408218453,22.030094761524392,2
9.341290919164773,204,15.807151823348587,2.2936189249014847,5.817095491017197,4.212041914376011,75.82557820048609,68.29050911303771,5.30412374719798,8.156752006755422,19.913343630418566,67.46048833163304,82.95851846781542,23.80162378534491,50.636331037290304,1
4.255835417190079,82,3.089093966093653,3.562481894480146,4.739590058556709,5.255196060497721,84.62608634124594,83.58242130795878,4.647732543499794,10.310149947917731,28.410053003390576,23.82498870507679,25.598541011765064,19.566448045720303,45.99091358256793,0
11.336538080604681,28,2.143714818650251,2.165457163538562,1.7679259596849672,3.684530316446065,37.48031208174473,59.89411369311618,3.302055606323168,31.37786385780957,47.203000122014885,63.2774318711786,72.48339152866781,9.58093266485021,70.47605442722673,0
4.03019103755969,88,11.047766925161206,0.7700134068735142,6.130307147082005,6.745518236220205,32.70376922533811,90.53015563293782,2.1185697046359495,42.142720789610365,30.829338441792164,22.059342160803844,5.064186281024372,33.82259470203205,88.24848090631099,0
2.788958290320603,118,5.963986405785262,5.472186764199497,4.247657394888701,5.010750982613037,71.43421014945194,22.514911727367295,3.689228609407049,26.780225790046384,89.29162103033704,44.69035430457786,56.876242383172986,33.65894290309366,39.57830966978723,1
10.226683057311515,33,1.882916055972185,6.44391194688404,5.296482556157779,0.1792601120722646,58.18048591404459,84.11709571878166,1.8836049699198707,26.415965259060428,69.02361535553473,5.909350838692825,38.743956413151444,31.46052400484652,89.32663506168687,2
3.1094853245571876,74,8.024645391830783,6.1027542638846,3.0028444649144324,4.886655061148871,63.180154635181665,19.440290322971148,3.4580667904508027,29.807312872265058,46.67217354090524,20.95887625606325,40.463972835099305,58.760136338255684,4.41441589858443,1
3.3823172356562603,47,12.257314330588127,3.9433550936359256,3.6249609781585326,5.422271801911632,55.55229071058353,42.12856417744164,1.1083343008554933,20.944866907659538,34.09543249181735,58.54556510041291,27.74034197400305,73.64496391684195,25.706286028950522,0
7.793519310968857,112,5.133860486310869,5.566351175410648,1.606668367324549,7.788194512970193,77.26930232038545,25.826051409220952,4.001226182893282,4.329397870557781,43.49816845240486,75.20891656059807,30.560605053901,91.15007155284988,38.25323923829538,1
10.682901428793377,156,5.892712538078047,1.1094417663151894,6.10082376763366,3.575262058779184,19.004088849215318,53.33080739703298,1.7924574666035231,19.049665409161978,51.89245239227226,16.028694566765566,47.28418573862206,11.840707395933872,50.68008703037247,0
3.562563990003019,203,13.654630889833976,2.096996363747163,1.4246883283839764,4.92552833787941,55.57121327413967,33.57969263939759,2.125895917196831,40.710845035069255,72.81636699146412,52.46848762660705,28.077488299433128,17.135892253885814,50.71751804823062,0
4.758398565450995,90,8.70509306637462,7.68251999898965,6.270760239058278,4.089978586000741,15.81017889436298,91.16579034671977,3.5432941782984804,36.61271241683659,17.862057124141344,65.32269804561945,48.37891505885773,58.445195989309326,49.11363432113846,0
9.662750801532365,183,13.609525925858375,6.686063922784573,6.424461268099771,4.565913999138637,40.72519392909919,59.74570669227276,1.2214311458489073,41.879213448813815,84.69729870142721,85.87242040951206,58.69333801305237,12.224745824462472,77.78651636025327,0
11.704177473640158,56,7.585120280584384,8.319230209801326,6.023487519629949,0.6653541936195703,66.39938234160748,86.81845890429798,6.740421197087842,8.571758160693655,21.22528273945584,58.7530337808742,71.13336232528343,37.851842754210715,18.00955763310644,2
6.757782455124595,167,15.285222455713573,8.03207449918484,0.35149774685817536,7.6371828072780525,49.30716083141704,37.244677524092076,3.1839157762108456,23.75618355266967,33.09560721357454,15.66256857204456,67.97454551350208,61.70790967132747,68.73198014731209,2
3.0109237767881334,124,10.692077763709598,5.761629826492205,2.330439058332054,7.747463654585655,37.959153667218125,17.078204795724865,2.5307266844245824,27.14331065695658,97.43591082798737,21.10630754443698,27.50500239872067,76.37123301165299,51.94315110210259,1
1.6463310209361162,162,2.561662752852591,8.672043322067953,3.8530343937761473,4.703700722678114,88.4970001415606,77.05240029471373,0.3014565751388084,11.0267969296979,26.7383597958941,53.60890267497113,8.644631909814517,23.454333021054968,49.05958116804368,0
3.9113883149879802,162,14.253413421047371,4.473918414647929,4.845246153991007,4.7750663320559426,77.28257144974783,71.19021279775775,5.918455105474407,10.641720288565713,18.900512525198415,20.53122173938866,82.43941354666116,65.79064302511911,18.006354144769624,2
2.8841332867584706,118,8.236830900628126,0.8653754328015583,7.369932375078592,0.5834707019292181,52.629078500037494,58.639331653935486,4.4182540156140515,35.6274161036405,66.17966656885426,83.62870185480891,86.12509439570717,63.71174858963805,17.77588166545297,0
8.615416072935004,65,2.952912313188156,1.924386233130342,3.129726582603878,5.122784310205957,95.00531556754879,80.227418378337,2.973195568404951,30.889632433244884,44.59535902690779,76.21618717442074,96.03672533519425,83.80391586828155,23.84201748403953,2
2.779241298599577,117,3.1208900343895944,1.5590612782454314,7.025181886436842,3.704875034984965,42.43652894349938,82.2067498118506,1.7941763154354826,29.829064083051886,18.081518215628765,86.94859176208881,94.25317482296546,32.492264601815094,59.04090392513752,0
6.816464282016646,176,11.250515813670052,1.9565943787679445,1.474748447467325,6.055966493969273,78.8072927588106,62.03226464145391,5.241448188860158,13.480460693269642,10.329333694715963,26.70589960700235,63.94470448244751,73.5086352994886,37.82611173924066,2
8.789755574250307,204,1.5200621022882448,3.1135596234390666,3.0959878025672904,0.4958492994028081,16.793623980141792,92.27422334831496,6.623774572617504,23.791085242629894,16.966218721570048,71.81986252388357,88.16726846656678,73.6879872575005,3.436424404849225,2
7.601724396819475,195,5.156225226689961,6.040148844118761,0.6077996844063194,6.071456534927714,28.579247711059697,72.57695580938618,2.72758696899894,2.9920080000410967,56.00073093192779,65.45747464182296,46.664782996889144,25.4842869471782,67.26761455344035,0
3.597644342430605,50,2.9247713751419955,6.819445386011447,5.991416470233854,2.5099081201914366,33.808558133395486,69.1500300930103,1.0306448718166958,7.5876802618184005,30.31857917152292,12.545744549691804,78.222214494429,61.388836749292196,52.61434026717854,2
9.943307524913758,131,7.50437693018272,4.910833921108868,1.375091507976721,5.574324775806107,10.582075270452329,43.91374340469163,0.8534437561818878,24.284787098714023,78.42458782006759,35.34876929346884,93.84611242987475,66.46523624083564,76.38690522393108,2
9.011774860965918,35,7.0981773343142915,1.9593725201066337,2.204756122057971,5.367858192621833,50.180481507606785,15.180686288000613,0.1438976091038128,15.31590785217225,85.46075971031338,24.132761522178797,79.05390582031276,28.796270786493736,40.00580840296122,2
9.259332041113188,145,8.73252180727061,6.277586844747678,6.246819367107076,2.005468470910753,19.226013412649568,34.275413911534244,5.233292541324881,43.523799546550215,22.7453055589459,42.70095179825829,43.66617903351743,45.46919956427609,58.00134702254264,1
2.8761063913517892,208,5.050472202358459,3.790795406416554,4.370790395897138,3.799799699816641,63.41858894496586,76.1136405451704,6.871628162721526,22.273843100481457,39.65774862463337,83.95648424205913,40.131609977209145,43.963106362110345,42.35402557089501,0
2.7994149383286184,25,1.2870625585482933,0.4687767579094159,0.308987211464008,7.119319376047926,19.00923595730183,71.78970035497393,6.9504424939996206,5.5932587233445785,22.89852304120138,82.14345828037378,32.11347613942099,75.7098994268774,62.53213366475491,0
11.239406785568331,143,10.138668819334825,2.4895588624837055,0.21743459702969767,5.1869698061961005,12.350625733927533,41.48177158640753,5.510961054966186,2.767220931978434,35.22895791521135,37.37814096613858,39.13690776118596,3.0649780558919018,38.51424348060358,0
5.674571035161876,199,6.48051364381174,4.0684657963522195,4.183152927571197,0.6774017366186563,96.90867275989245,65.04663796307511,1.2190680702427008,33.18608857544987,31.049988850050276,43.48722943966102,81.31362954667487,50.09650147692916,3.184199204030195,2
4.659961263699867,180,10.700291980848705,3.188076156358562,2.57865300724372,3.8204341830949695,65.82403058111062,30.622998357850975,6.846195245800539,9.374789736163498,79.24411128247242,20.426243198715238,70.23952987332764,20.32803647499828,84.11842559862019,0
6.6301324761911,91,2.45173795622488,7.82480549077381,1.6064292787623815,2.718880253734503,93.64509147084885,36.09021754152352,2.3619127567134615,10.07593186721754,40.40221166523783,23.043806725227054,28.238763697380374,63.80314499721079,66.91084689448608,2
8.460074234017615,35,1.009415800469565,6.789261449783838,4.986032714185665,5.489823702857715,48.9887791993232,90.79264751219972,2.4019753054985515,20.223710573548857,53.60970228948752,12.557064996343703,71.17276695819577,66.95467311926927,48.79110369390094,2
11.534044198993184,195,4.57407256785645,5.641624488548591,1.9818044793959313,5.2623371068801905,3.3402463063374244,48.05444583484756,4.842624974957828,13.354605333598979,69.30276928162237,67.80190016708345,40.28377834171926,50.10589181719682,42.521049665743845,1
4.5076853822615774,194,7.739519309509593,2.0022597588509177,4.819215767542594,0.1873440526851805,57.43711704314439,34.599007543908364,0.4384393908137145,28.51281442908615,82.35858512539242,60.3344855562922,56.872843154408024,53.95077692773456,60.925785435752424,0
11.210488507776285,127,6.789894007360703,7.26354832824962,3.1582744145729285,5.204642279115089,55.83288868357085,53.96865974711932,5.797811136362159,22.88477781062184,36.50639994837576,75.66237233731448,39.4443423675492,32.61546977118586,9.690086132412972,2
1.7610246595556913,205,13.116598840156689,5.4706559454514885,1.6566204978243597,6.272737093473468,1.4975605936593972,45.9612703829893,6.981351207765433,6.792375863520893,28.411418757953683,87.09919081947659,53.51152981838313,32.45233185423491,25.696470659868588,0
7.329579444431659,15,6.5431321917309235,2.8449565853655603,1.2772169553762396,6.557332272173234,86.12420444018316,73.36232298792845,5.44798146882043,35.74385646010628,96.10389689051635,14.505057422649688,72.87176224360665,73.04100362593388,3.4801224170991887,2
8.156738672651393,135,8.8627059299668,6.087901002086974,2.047512704392847,0.5953964712756737,61.997068061642466,91.96928851927049,5.493567789330599,20.311930739812667,38.17298392897973,66.75286764166513,72.9951505077064,15.382748538074056,3.5812068457458324,2
2.6119227393829094,22,9.821437005121322,4.962309601055685,0.43269044250128363,2.6507307037228993,74.46911693761461,62.33899395661535,2.793164326909202,28.265875742339926,69.05399272791705,14.265674814650245,75.04597987500182,75.52131158116954,0.0,2
2.9735657691710826,197,1.1318371530163365,4.262355037284698,2.603390303882894,3.6386979086328006,49.39211061575146,62.291774954953205,0.5548575842080328,2.169520298905314,69.65001157964677,38.11560827638207,41.366607980588235,64.57123907058099,67.85209817165831,0
5.9007003528211905,147,8.630027328062072,1.85153640450344,7.235246583417995,1.6100823454772593,61.8402437908263,44.18670869787864,5.5694052962175205,28.93520143777109,55.23459121275961,47.89509643288315,69.21607619094192,86.14062035761681,13.680808375772118,2
11.645435077503407,193,6.041435142862335,4.55506162969674,6.68462458188762,3.6341645177860826,25.74698932285242,60.17047455802363,4.220390799643123,14.162543852330181,30.103375202641015,14.986484577570923,27.200181724578684,27.453601066780966,77.48068516305673,1
7.758446808960914,124,7.20345794078547,2.252722165757779,3.1016293024133397,0.6974881009349756,97.37577677686473,40.546309310971054,6.374436954942382,23.257941958029722,22.448253043967508,12.43126377397435,49.4008430990475,50.58083087072318,80.22025805939856,2
11.296743826802217,31,2.324368457127804,1.9586097698754377,4.69150222493807,1.0510251772592334,40.07200075476651,15.087365944987354,0.9001440111511445,14.801985964315458,52.85742075246994,31.091116178410527,59.22894326270472,6.6650140837478,10.015433760339166,1
9.945789613936192,20,12.698872597859408,1.3743731526433063,4.625412360309656,5.717036007884723,16.232662133762908,84.28769383027881,2.2053491353493473,44.83921201961644,54.96179923060117,22.98878741823565,68.84284341629836,88.77561805514982,58.5326441223088,2
6.407506816330561,80,15.124544612289542,7.715736990377539,6.664152805710956,2.305608673745302,5.591541837462732,49.35552684173642,2.588527460691367,11.926219532599811,78.05627459618219,91.63534389913161,89.81562723314529,66.48679730384089,31.641619847609512,1
9.740016217147968,159,1.13848607356992,3.241071760826251,2.0430627918323316,6.075809118828409,63.61719330853711,54.36707880431974,4.814629988958371,41.25296286403803,72.46534306779303,28.751741681864715,33.34348319820056,61.55027341271551,84.46156066308664,1
1.6872862317583712,44,9.940865994732489,4.282845948055499,2.5118224125854964,0.5041116353400111,98.33798511764557,21.680073234074257,5.535441625411769,41.47256516868643,90.25963253755627,40.86317053541654,83.61159006198125,71.8727848927407,35.000712812397055,2
2.646011966040217,181,12.410429822783042,3.8985490853234794,2.55392638321577,4.826705645565424,89.57944968462816,81.96884107243136,6.7310408192325,20.10302807617781,95.43572944611158,83.37962979829145,33.934555436867754,29.72691253538026,34.12705146054206,0
10.20900045626873,61,5.129075347478318,8.179124911388316,0.5187859202190598,3.3881687741294586,70.21045674864136,28.62696563020723,2.138309392436666,15.072133967504318,74.05091670555959,50.79766910551063,56.32757597028541,59.76286526271002,22.255592395153506,2
9.866579427414198,111,12.770844889920895,5.934267800135624,2.6545653336556994,6.7945596920899085,99.05979289928608,47.84969270274527,3.5060912190933067,18.384528516648018,16.7329898970623,33.304582460457254,82.01328581050633,78.28665957809305,74.2744024953275,2
3.9427277906475537,54,10.41179677164778,8.37332276843211,7.047727457386454,6.6851932737267195,72.28282620421065,82.2212437651105,0.2998304175609591,44.54158075784731,45.65041121110502,80.60751749904196,72.25291329008121,11.487677802182038,13.029150824778505,1
7.073080701290062,105,14.923272010520265,2.944358328802329,7.313503651057552,3.2547009966430687,33.9251123401396,51.62263521708156,1.8456163589513266,28.60823777551706,63.5746085459801,28.039295721006173,85.24687920559165,93.12878759328812,66.63303736267575,2
7.863166117350115,103,15.711273132577347,1.848899314296639,1.055155696994693,5.3307977183368,60.121813306017316,89.49218683731709,2.6806242060255188,25.42555022628746,61.93716628759626,20.27907136064999,80.78395090402273,86.83735943512389,8.518321462024106,2
10.611259014648118,16,1.443660932780313,4.605799076000766,3.772856624623765,2.0114104980837,7.976664248556153,31.745144273655175,4.197262825025593,3.544468897595374,25.96705315309264,58.15897635061605,30.700295359911948,93.52377038718413,59.30985428079054,1
7.83262515205662,125,7.563053967610494,3.1400977214526957,3.1745214323835853,4.9754174239155295,22.168249022254084,72.21862639638171,3.3488339058343013,38.4572503070721,61.29913619167668,46.91912439644473,97.34311046919844,78.98475984897081,29.427344609894533,2
5.832001477373644,168,9.114214371188917,7.019620314876801,4.0170017336624255,0.7826234291591886,41.75402359284922,93.2398818849382,2.614877912461282,5.603634599709557,40.77188469356708,74.46920064232772,92.14085419525776,30.665242689296107,0.0,2
5.428932455775419,197,3.0304971447563176,7.329990821390366,4.526812287657682,3.750675986596325,20.181849356304525,58.96909097762487,4.406137969052456,4.019811782478397,39.825562346247004,15.257737531253758,45.00623977516095,57.66621395765751,8.610646241956896,2
5.971761906921854,79,5.911544622495898,5.168232156925306,0.3580183281384194,1.6349125249201168,95.35010148281707,70.37471189151944,5.817448172107302,13.818897703073656,83.39261646650878,51.01522718888053,9.39048123906549,14.295267690409476,29.49006431912549,0
8.34527576858973,186,15.812241205898218,9.167572827718026,6.769489533785054,7.5204019295687905,99.55975267446495,46.458132768080674,1.7675998175950458,22.458910017473283,47.13011796280336,58.056808432609365,33.225190606589095,73.89167277660927,70.31807239154249,2
10.608651633399411,186,1.046702936405566,4.9881130382911385,7.79457977075204,3.8371668709213873,37.093592012166546,75.10698717803751,2.465843566896845,40.49742528018922,56.41084395767183,89.73411642644261,82.7621853454677,17.44212860332449,57.89422684852144,1
6.265917261801147,207,7.678120559170638,3.2331916882599465,5.29655753362841,5.062499488555293,70.92289860771986,87.70992452189833,4.963973182840437,35.97338836056206,59.53281177103413,15.750681842671167,93.43094901339153,84.48144988287781,7.258612558474688,2
4.10231541098926,87,13.608350250116581,4.533785594148306,5.351527460248279,3.1272076267720874,40.77707306632406,71.24444536404233,5.467790131433858,10.498182213751248,59.54371662694223,28.91385546227397,82.34549174616909,25.61235353620426,34.46461558041125,1
3.984954811474602,180,5.723299193333184,0.5900641961238171,4.318242891079526,2.5254246960143445,13.95092043862064,89.87429691047834,5.795238414969066,17.999419722372892,28.754693212936743,90.16064095006782,41.89712100422744,18.078719284595188,6.478305748199619,0
9.333149942556187,125,8.092937241878332,6.923306752861185,2.8073326113721775,1.8045261777168822,33.69268477021086,62.09221215938477,1.5443854103894978,35.55033137861196,62.75189595711262,61.95136461188021,10.257894470828806,9.665010186951417,69.73658361028868,0
10.073972015951059,26,15.666295335977296,1.2280572799518539,1.3620270286002645,7.759721294402965,23.33716987156632,61.17099523607703,3.8209420325864683,24.664975241171184,39.446877587082525,14.424122537596853,53.13520449288728,69.86832203677628,69.21275244789857,1
2.605419838468312,67,8.0181279144307,2.998422567744127,4.755694073029195,6.815512572386402,32.807822040741975,39.37019104873243,6.310076579824462,9.503153507035407,67.64178592446292,16.17030066071094,40.00357332427364,20.503155029072193,80.89597280507427,0
2.1988679980293706,146,2.7900039446267852,4.867031085095856,0.5505429473718151,1.2193936132206595,21.502168839771652,71.77019929310288,2.804458140131293,19.030373715168334,22.821388708983985,76.751219517733,16.436432007561883,21.58077433380167,84.41581711292503,0
7.741553469442744,46,1.5861666733291442,0.5967866592920461,6.631120027996617,6.372488960851106,11.23451190582464,85.55620174049243,3.0661933225287346,28.915239593917395,97.48217232776291,60.30286146695057,14.84436121418681,18.95148076310116,33.75199954602492,0
3.034819064023332,99,15.170331901087216,1.0310033046408194,3.4831112558708006,3.615658527107887,21.742842936241292,66.7052980903145,6.895278312914732,43.84870401677989,77.93980964789881,58.45063010456792,19.23243018001691,31.744741512038463,25.209809077519076,0
10.158973999791584,166,4.840303081780998,6.8673790697045805,3.435082948463404,0.2293319016687868,90.57570318298428,33.64313764788663,0.8800632576242874,30.457918358825587,46.718126146619056,73.5367358855592,24.141601624771493,91.47387480806901,84.03732355895343,2
4.758514076202782,44,8.461771379781174,0.7863493812672132,2.751932696112065,4.538285491160265,8.522167577652873,58.528729177734924,4.968653727285289,2.6963919759500685,36.518962876056904,33.64758049538749,75.10213607098889,48.74243772488628,5.060264165436418,0
3.010655296196998,111,2.178666844567523,4.323613944611603,7.760960331848974,1.1923900967128753,32.47566437552345,75.4749933561132,5.966270476582154,32.315355895198714,44.12657906397043,23.119665191143906,40.49842275656583,27.522526294742075,3.22928257123243,0
11.170189961118227,56,7.239557832369196,3.5155253563276174,1.5643522316116067,1.8634482299861954,52.84498945026353,90.14906518982022,1.1404752647747203,12.78718672066091,73.46632800410099,57.49069534059053,45.63524610815162,19.01673141221913,26.010252656836734,1
3.238083088720421,119,14.937603892601887,2.3981450415053898,1.3802010075066469,5.946744075962381,35.45126561783568,27.527683961644314,5.029727328449938,39.07283331119404,67.67588636344173,82.56891460641862,60.64946415342997,4.7767334523111735,64.79100053644625,0
4.489560864548324,61,8.436677503190264,2.316003226149399,1.4911457120512353,2.2599931119860472,51.760709501888726,25.199767277324845,3.341193731872052,18.507266053723956,71.7841410560517,28.73408998711011,94.29241340117751,37.30930882442466,52.587946258246156,1
3.1129406495166156,203,15.561254307395384,6.191737304815472,5.336514366235959,7.591860895471259,4.342006023435396,48.035482418632476,5.984947104255038,10.58344662343491,88.23192919973546,70.85271131393256,75.35162154773148,13.345778577251721,83.23284907090597,0
2.7126456684862275,29,4.734301686008474,8.52518081259736,7.936783486090867,5.620225970763027,64.85696333643777,25.048893557008867,6.361420986167752,22.121729019940084,50.15397991531602,17.270345510406713,65.0512730909517,5.5391275929012815,26.727392956666705,1
1.7220541715326203,202,8.469087643499845,1.9962902855848053,2.0367063291336867,7.091181273250796,56.34788015560602,93.43431300040947,6.120145831766556,12.973512895545234,68.9178610633945,20.2527609289224,74.17638842552707,12.680092357968297,17.302050365094914,0
2.0816517962247314,169,13.864868035501743,8.634834403672171,7.263815697126405,5.267592121973546,68.09662658546915,48.944349382604734,0.544257449295188,12.140324005407575,48.852700036468406,78.92987454893213,71.89420446402865,32.941022540886195,27.23235085625302,1
3.3337354448264533,181,7.613435789216905,5.592784719611451,2.3732091618237448,7.398336564584933,56.7257815827237,57.688841525432395,5.322301410023322,26.650257433260197,66.15263087454913,15.71496952399336,69.19318127246774,73.58118793519913,65.29505968398803,2
2.0605102925853416,181,5.048208078266882,5.782182217765659,5.253619376977341,3.1381512701860617,43.79035824256632,33.167022503421705,6.458540267402222,34.99588964658782,51.78448005273935,10.014222223570549,51.165862113486675,9.296707609841473,15.720040273838242,1
7.7070100691651975,51,13.803225523951802,6.198616546538112,0.5158918250802682,4.71278084583887,35.01415422940825,50.93008988295434,4.387304240629423,37.90303808887465,78.34639920573458,73.71779251648977,57.716778453018016,66.79534883311872,82.75154241337687,1
8.647502531394817,196,6.726319926863656,5.979548499940877,4.066101001694274,4.433479363732402,22.64351900997762,93.77551478889758,4.246044817301582,19.099804430226815,10.462890848968508,41.46532948599355,47.91870637975205,61.33099770731716,44.041720776906274,1
5.633119796736296,130,8.866994024115558,7.276602572196195,5.305645736976058,7.691841947854952,50.00677268066126,54.094972109357556,0.4105371730469659,4.87256183466839,28.9825641095008,39.921576203871055,41.731140225370815,85.90707931387806,70.32087936645894,1
4.838906517996518,202,15.643211409510213,3.95587577897532,4.383294262336503,1.4852894323123538,2.6052452377506974,15.705914064358897,6.006627853220976,22.810924934018793,36.08651101436552,80.97133698934012,30.181430673331523,20.294778796373553,76.50269215580457,0
6.797525488733416,186,3.634546080289131,4.773070000705195,2.0551160020779706,4.955710410768216,32.82408280993258,34.40220242005044,0.42018456972121454,20.652603512220594,93.19471655009822,24.682817451330685,38.03482771740229,77.66116433382356,42.683536923278346,1
10.68755189346339,128,5.381289678146822,3.6072545304513266,6.662276196489741,6.437222031506635,67.78722935645294,93.27638643828033,2.2632162840542507,10.470094774880694,54.62006674108877,58.131179449213484,44.853254409797856,84.29733040251908,65.87395258367697,2
10.436882081633163,88,1.2722579210615672,1.0837388464475277,7.767064787658274,3.208417988482747,10.871703968635927,94.12540107285861,6.488455150481787,40.534230749197164,42.062965439836425,39.283378658541906,58.88228466355719,94.78950837526327,28.317760886557565,2
1.9564881511343155,37,6.755933190632801,5.438705247564471,3.7817295463981098,7.387684806774201,6.289124231952858,31.839447181736453,6.653241484833634,43.88837487988962,45.57946617400312,22.64802235657561,51.488384039880295,79.00363965380087,71.14839620022954,0
3.4057333007635027,34,3.842788144889865,1.2785688039792937,5.160170268476179,3.233324043452966,65.21786052913653,64.22112702750827,6.944113729283866,4.225129085422502,49.760360942063194,61.62731437985544,15.0392527477851,14.634210877003259,78.91591430681972,0
3.985821146596158,90,11.13653101819995,2.8344015131579,6.365223493095466,1.5557935831256953,39.777472114235024,21.15266644043316,3.3871757707289154,36.217094333869596,86.36907433002945,35.08472762945009,36.61754995752522,92.03012695536249,51.065982215418416,0
4.118569546238224,173,3.5560861732409563,1.9669709802933255,2.083614672849993,5.006006185402266,80.1825036549381,61.195331395570335,1.3242638700289748,29.765811991486164,94.68555617985213,74.09894007045577,39.98599257995159,79.60925296355568,18.090268211801185,1
7.497942843299113,113,11.057153836569219,2.9189803684093265,6.9427129790445266,3.632771284313425,93.73113039713239,25.073656118914993,3.466816959120679,13.241759101134043,84.2864882971403,76.28297810570659,70.74411475551759,22.958567338739634,82.49681463578075,0
5.870755469883519,108,4.804826508477628,6.485830847114916,2.385567061417981,0.2275968793288382,95.7040453732577,80.49292189141264,0.8059591830730397,29.311713086160957,84.06579518086747,70.15864897971785,35.95896384505727,18.528555651351745,86.59651443418772,0
2.017168259239737,62,6.1993110786422365,5.660795374070704,6.251480267418863,0.686644176945427,42.55928538941792,90.16599900817955,6.120499151892791,7.531657242389403,27.513329764080588,34.94570937483647,5.739890849371322,91.02293013763584,61.610130292991485,0
5.4229484538255015,125,6.1026819111052415,3.7963919266511708,1.0743740129260921,1.7403283137353562,26.43272242750323,28.838944643958612,3.9677069095388835,4.984479856792383,33.64367031507847,30.407122233450945,12.843305969693875,17.635670853952575,94.18913799809006,0
6.9994059615351905,139,11.694626602486863,1.6644178485064494,2.449416286630524,6.562371659952479,60.8613738742478,52.01697348758592,2.8910907042506118,44.7200302272472,62.452327889112716,79.36463349996774,51.22085287123138,76.04771822845416,42.540302047562896,1
2.5675549804890174,206,7.890940799702814,4.403124036328857,4.362235484730968,7.593131934683486,62.819292592823636,23.16343987797073,0.6487618471175504,29.363903913722385,67.74009238283537,42.5435128468945,22.530081897330465,41.09436990073687,35.864632126601535,0
10.251314814779876,157,6.291743262560782,3.757967398186773,4.294392346493658,4.683383341719469,62.23449360758967,42.131200565838,2.8961606700347504,12.888572854929041,27.838072863255157,63.78487807810096,50.99988424896864,71.03769495631931,38.646801301764285,2
2.045599597883595,133,13.759865329399638,6.242117366768436,6.833363238993656,0.9867498851186371,32.17786137188811,20.20782038084212,6.076722097891751,21.351460103861935,75.67280480169353,78.50617089758055,58.40109960400939,11.634029735664981,0.0,0
11.210839624689651,192,9.493649509746282,4.763562635756733,7.969792609581137,4.589119198831506,6.375173641730303,36.16372224139417,4.953500934092768,42.85379183880714,27.596792656923636,37.02796457135242,91.80972493894998,71.15547904741611,39.542581392785664,2
2.5406879865886927,97,4.050228483425566,4.27737633631813,1.0362445977090968,7.287085869014338,21.000483882559895,94.21789336714413,0.6689430708256694,20.865177940632815,33.14493689986845,21.525009097378003,65.96893296444024,51.11966946799356,55.08520903877812,0
10.357536991776405,197,14.481387427783975,4.163345649440589,2.316827436035289,6.395612084629753,15.441942802223373,18.568261385712148,1.2033596781106135,40.719114876100804,36.99800734238174,64.38997690913698,7.8867872049092425,87.63556822185168,13.765735860066696,1
10.977858011239979,87,6.008284499711337,7.907205893453943,2.9892660397399915,2.54522457505795,12.390034578331022,83.71746636949365,2.8069285858817823,39.35879551307385,84.4472446511479,62.003551695814714,40.40793820049054,20.709451220931907,21.497145291655485,1
11.785492146159223,39,1.39248653856727,7.371521000957461,3.9355635809180396,1.1406811180222058,92.6283321071573,21.19620622032839,0.7994880705328388,16.79872159190626,74.42338292463772,22.606072893516625,78.79149828268308,13.279471329650137,57.88765252524276,2
9.921271742872733,96,8.317923404411685,4.045525231998565,4.052495996604312,7.6657262780028415,1.3847645973967926,57.319754489388814,6.544884224753569,31.928387175315407,56.70031834372796,63.30909553939992,29.232308407063314,21.444708057577383,73.54207107410306,0
9.684514178098954,40,2.6838584275013426,4.728459476753774,6.8783214925576495,7.274345471710572,60.18577392363217,51.169583394187654,4.600815107953044,30.401435662651476,82.13793823587078,70.96992829392131,91.02249564952241,10.386084521441717,80.30158637211937,1
8.246074397953251,38,4.424689944479287,1.6356482143454028,6.2103625617237785,0.5512090672198967,94.74737957401368,89.5243728016516,0.7542787089972209,35.1621104366532,81.53768576556126,28.891330802720383,54.19799589641831,95.13415084100392,18.794163526484553,2
9.679461723070354,186,12.156085264848649,8.049897558718252,0.3470423164960359,7.018865714526339,36.00531274941279,30.923988982807167,5.537596490425178,17.734954063501874,44.30531244348766,29.351520630916447,13.597635339465139,14.548522835660236,80.80629650370231,0
2.9127981883380443,169,2.7874275633200423,3.359411701803352,3.7491697325488658,0.9165861573934918,52.70980891724625,29.37456123037081,2.642000907146406,4.2461694354197075,78.76648129889296,66.74153130283376,27.475360236766072,21.879988885901223,16.060010912999594,0
7.1287143774501915,58,13.065552210181343,3.0960158757230993,5.020975938303892,0.631582520577111,69.57836634751597,74.89712708542658,1.7896074474172239,9.354687367837974,28.14936393614586,69.0948387689864,89.28582551524562,79.11046024398058,1.100242179329534,2
6.899340136999352,178,15.040990779590496,8.439368083084139,3.791085579325583,6.472247536028579,31.716969465823887,73.05755784802831,4.032896099383868,28.511808569971645,54.28413879608482,89.13130822858855,97.2057568592573,26.19491319596794,55.3188968146664,1
10.504507513286855,28,10.019287926200759,6.446361187675891,1.219032997000478,4.605009224169647,47.765198770724915,70.9345416394239,0.19226771853173502,35.3293080365862,20.405272274202993,19.60719149883412,85.26047800876387,23.895573977910555,31.119244502449824,2
6.359393338731916,70,11.597459718747006,1.6181177995302276,3.300297852787056,3.5822034023586786,81.7102850332752,17.09016929379046,3.3112438547193594,34.510091285030626,47.5579147320307,75.73527485139613,34.82293167262867,66.19711935832233,72.56675764519794,0
5.543439709053711,152,11.646516470592745,1.6323931998944228,3.410914422011942,7.692442446198584,74.53556652802635,35.796774937992694,5.92225445235667,27.098308159946317,55.79218773951278,66.57751068427768,76.50016816343917,40.48393166134392,17.50849569667976,1
8.215414347989656,74,15.890680950510763,1.43329153137554,1.6641841951081182,7.150150005369132,80.84494114928407,82.19161422834395,6.503597412300421,5.644600265740377,17.032815496614184,60.32250177437823,25.66717085445178,81.53504045722936,20.20693981647065,1
4.297864833758884,157,5.9913815854646675,6.2192655352303845,6.099195492873437,0.5840371609952755,98.7340163627656,63.06864971654181,2.4636274604734347,2.7434109689899366,50.709923032393995,25.186008604758896,40.760572732675875,62.997318492284045,48.70138008366201,2
2.967568315016547,185,3.2754195788890774,1.18381801540007,2.7069253051113193,5.2751328323058475,37.032747493617904,63.17559365857453,4.532812458338806,35.63209556484912,67.34700778049171,10.916775349637927,69.83663595986486,30.092183405940826,3.153279671620888,1
6.517711377249331,27,8.691341970697687,8.519695787185034,4.7941008664352065,6.587046186942649,74.70912629357731,38.673328432384935,1.6650817247449519,25.623186670164095,64.03976465753692,45.17323080494134,95.10782454416425,59.20478790825146,13.804268483259595,2
5.877338370246292,19,8.905397109441965,8.345460060121932,4.222695411478387,4.724120870109597,60.27845671019829,35.81384708455583,3.965470189794493,35.65662041745484,14.783142134413016,29.07430517468272,45.84543974067086,84.4473924255019,12.207862912300085,2
3.941984375553174,198,3.5042698221013957,5.347073801419504,7.043931217887832,8.357246192239982,66.66047672211963,90.72439104146038,1.8527913104570044,8.99990384361372,18.389892359921696,28.389468295376233,51.1127871561003,37.261398291931414,25.564096632739005,1
5.358874006208844,116,10.119263168710921,6.00727102479412,1.1517164685301378,5.862799039039405,73.98739048329345,73.22042230825699,4.042359909529425,19.519196343159173,40.91934964405241,80.11451942966329,25.475673192448063,72.22824782327794,71.60575846955332,0
5.347120723175598,113,1.0146959488477243,3.4555896157743144,1.091251464376989,0.9748013066550126,74.97313169463148,25.149289424147003,1.2848826093232937,41.52427934435284,84.15634361661729,15.700716969275325,42.49971507569095,42.08830015545245,8.579088646705326,1
4.9387034263317275,105,14.900559717304168,1.8454262940381065,2.542493419159523,1.7657033007996092,88.57451492948196,90.01655537150111,6.594504641649129,9.378713623628125,86.5385326787279,78.36936511729886,10.860730515694927,54.04889939117897,59.94887799011239,0
5.484372837132755,99,4.821529022883176,6.4149878623458205,3.5634767513815135,7.04046321807548,34.93216752360554,61.58961214544439,6.219730587210313,4.645656863939406,37.24593253429749,51.22681012711453,84.848488293296,71.96780261303427,44.11051666214678,2
8.700305127287427,149,1.4013151675309157,1.8189832096739127,2.5286295402666883,8.47275605441212,65.34813561119105,41.668989356567046,2.424735921196995,30.09909750261518,73.26250350124816,74.12147821526717,7.170116796920636,8.689572903125324,53.7555274891119,0
4.617202982998496,128,2.445391510417827,1.168311968280904,6.152859242682902,0.9260498417280735,28.029043159685585,46.77115571196787,5.458973933582104,27.56506264673552,60.8103721269446,34.05312152412887,68.5677863671817,45.76525510011897,37.69282557694852,0
11.463008230511074,46,4.451784013850554,3.3910587498771334,2.1130735762525372,0.9427662698984065,59.45687051169751,73.03236082820945,0.7589785020521423,42.93731175188253,96.54115877083007,58.10231583716141,30.409618235237534,11.950070503306234,61.26530490716601,0
11.121654205150868,137,4.963373762811887,1.2501239089599672,0.8612429936235089,6.512451254803581,75.11751401719279,45.101812134886686,5.208490270067425,40.97814210535966,18.32866428149287,49.17803460229275,49.27817717908404,71.15052118037676,75.34831906515018,1
6.549559497150825,145,1.2987119923654757,4.636282885101193,3.427638517096351,0.6405759664189323,79.10010861616404,61.29958392948856,2.0489679943276586,34.225506779484554,58.21350531714243,79.04976804309396,31.184934929277446,60.13378892740307,14.45611907917227,1
4.947792652549232,37,5.046193145344683,6.278853493817378,6.232358447480175,0.6759049749447187,42.01245029891227,71.83995973187238,1.03592820386345,2.823761228764844,62.14331310067033,23.15977738009498,42.20657212650211,33.73138807659217,73.11702999778777,0
7.122065293215033,88,3.7327143947009285,7.142864870715222,6.834383159976582,7.566058457281165,50.872022320135976,30.629999784477164,4.779519403534934,22.656639641482087,37.07483424369822,23.839777277404046,55.85034343697127,10.170462258926538,0.6641731053420017,2
10.409885132123058,169,6.555038097004682,5.34141749164972,5.920089817234136,6.823778423474987,33.38498511701729,90.53931889940395,3.341667042953786,40.53238327109267,14.13188577924943,88.42244753592144,64.60308726319411,90.02543143081228,38.2090181279967,2
8.352167075881072,135,6.654549607810732,7.026957089755393,4.551516092298003,7.505130878860811,16.903634653963053,43.493821714832784,3.7579632519400636,20.64699678892252,14.58519914052869,20.42648198061263,92.44661130821783,32.61034973148023,35.925903407370726,2
9.946114193444313,41,5.952917657163762,3.6760917770297166,5.848695273643578,5.564312577915131,26.05174051925322,48.549980566153145,3.691655510551654,43.37226594335877,49.91838876965616,63.51036644757119,35.89468386513525,28.885417075293585,16.91443924439277,0
7.093583898690272,22,5.784443029666701,8.08229127883752,5.514838375370119,2.809305944286411,91.21370048998244,70.88114942942565,0.5101910765315348,30.056983167691246,70.93769347106488,5.432629318468818,59.39174870655893,12.494467266252864,2.649084030977379,2
8.145635107310017,128,2.163915421667019,4.533696512310239,2.0280597334614745,7.713030798795446,30.896954240931596,63.702807151021126,0.4545237187394715,6.706656484340147,71.61546915067521,16.446724395461022,88.86015969036671,57.271201655078556,0.0,2
4.525633948915848,105,1.183115196317665,3.2266484781503872,4.495919359184911,2.6092776097852273,97.47593335456102,50.20958695513434,4.248055777241869,23.89869923302739,25.925346775520527,48.96719632411315,31.991558139381855,27.971424806623666,2.7042801439370523,1
9.216378204258053,202,3.872137362378292,7.896819927919216,6.210752794579769,2.4142910514207347,24.147808521538174,66.97936322406332,4.404666032252375,31.911536832741348,85.5015484085092,56.89989149534077,85.44964824466973,82.22818972790712,42.96321455902482,2
3.625248227820043,116,12.301071296732554,3.284569425786683,2.673541162626078,7.545763521219278,72.30710874810448,87.22626460576356,0.42550443995429077,4.810865806303689,43.190293485337556,50.992037096851476,94.05262396425597,67.18007766092065,2.5296664680122696,2
8.795380352594233,196,15.860308436377055,1.1104563360841355,5.300990544392065,5.818909776942946,57.39032935718357,79.02268933163349,2.711231390025943,16.819929879043,94.86437537357277,45.130671316495885,83.81691462330298,3.368001146084228,65.12249706479,1
10.537550217421888,56,14.913597860871402,2.9927430086794304,3.9555473346466283,7.623645511557639,69.68700495247985,80.9407207963819,4.328673828966949,32.83448571132141,20.39804782945604,65.46590447587641,57.997026624768516,56.17341349660668,78.16313826364714,1
2.887079791666211,102,8.464134204174083,3.8983728591865328,4.124639037371156,1.4095708297333682,64.3957946609181,35.67267268538504,4.631096524696226,8.754068579202468,83.6080134799224,87.04832137253969,72.15674521937643,24.79245962105454,19.205744759123057,0
7.950987275690158,42,8.8837226078246,3.8651105150218115,0.9024292947008459,8.099293101231304,70.67485835975891,48.552267943811,5.815102739008205,16.97861562563247,89.9337574855994,26.581866112838092,49.73912577524707,4.444509282613194,11.342335348475432,1
2.4985053564143134,126,5.581639849344806,5.512639192413858,5.396493889381962,5.247034116282747,90.55470484354589,59.30553133232473,3.0030527568184784,31.66614386609106,82.39544630064836,27.356739612173378,60.54478981382536,61.22051332081991,32.19584226617914,2
9.120014096849982,51,12.563879467292375,7.865559662571269,6.952358875765257,5.711494370384792,56.346949606248145,18.535265532918636,3.882978689914085,35.3482587801569,81.17802042557219,32.79760007748712,95.62608822897931,22.261949859310114,69.77333283824774,2
2.3871787976469623,110,12.42430165657626,2.504460290232217,1.3031640466017298,7.778108874742193,6.78487829039952,76.58337443018596,4.092066591700839,24.296007134493085,41.79528135563516,77.26574201692182,28.35421172246568,87.56576613560355,37.079425940690776,0
11.327368138356574,82,13.632939835253158,4.593243411103093,3.055624165288305,3.298324987434881,27.082543444689954,40.877073953207116,2.2531124547722015,43.144873691100415,72.77419339144562,39.55207964211904,78.7068823962799,56.89778964961365,0.9080366979365504,2
2.9427832653969226,51,14.411669573392642,3.7786043067112565,0.579606147758513,6.144429955445242,70.82189804087639,37.607686243281144,0.4713952768471201,41.78922692835685,60.98249780899444,59.83767292281977,52.07968292719671,22.663400313683407,87.19978970001763,0
11.568242582045343,33,7.402108573024495,7.283711648214227,0.4311287106158506,5.478861217445665,49.407462797567334,35.74336074849171,0.12915889081522208,22.35779331803476,47.35416356594722,44.103473184379325,21.449212569164157,95.03797933060069,47.60896056094271,2
9.909283848893516,114,12.456508635229403,2.113024730646541,7.919336274039601,6.717122838474066,54.85519826196869,37.67034123360516,5.869265371217821,8.891799634786862,97.39382925272382,56.67095564099505,64.8487904055133,54.36550726144486,25.167764547762395,2
7.733661046896718,199,13.057260677697355,1.7529437571818702,4.0490777647898,7.634319451399781,59.65804553802915,42.04118657262658,1.481599575404466,35.236057247010216,35.56001519677055,74.26298865672197,78.69570230776213,18.55438417987927,73.94150704011388,0
9.717553098610242,53,5.488586261965802,4.6093434827554525,2.973048345354922,5.812511185612795,38.262927298456994,63.38596464609274,4.448757182698035,12.455001741905193,46.356673952525,51.54480269924595,57.89429119707335,51.62076399589296,80.82755251468724,1
9.848705809322402,93,14.92448210889348,6.491365662670383,2.3440411976751476,0.6681722578257406,77.38955250878551,61.68522575200505,4.081627602643045,38.24131632996151,89.45177128575433,42.05704726887088,82.8812504922243,93.17881147297133,36.284190296704644,2
11.433284159581968,58,2.233990840122763,7.3975979260722236,7.844098630570681,1.638378905138154,72.35348838965486,35.45694028815003,2.857468229509581,27.247206669669225,35.43272856047213,25.582332296895377,39.025781110089824,42.875761699168564,26.499984022970764,2
4.160525215311465,172,15.9128915232819,5.758055515022359,2.167556127069133,8.113416731043506,71.42994121931139,31.5139421258566,5.851103830034373,18.9459992751031,23.435940507311326,46.39128969595224,89.98045180583215,42.98247811810538,33.68846389423078,2
7.695796901262247,95,12.505378916014815,7.2148473580690275,5.860525486754398,8.2366639763687,71.53101740349447,81.10865520570854,4.918971010284315,25.9244844190494,37.279977970914686,25.335255866938006,65.29376929872844,46.34591188913107,13.640342985056284,2
2.498016574426213,205,2.2177177609297742,4.448910664947245,2.4133131472862837,8.226271835066244,89.03580016542479,22.417867014109323,0.2569160977302933,24.91077704369087,76.81942758495761,70.77059904812262,79.69381721863536,29.329733808521947,35.13125600896625,1
7.969739850253274,62,10.774690651196009,1.193204486325689,0.7498181417839691,0.40911496336099107,59.53927794432744,56.0258272960742,5.459189106161125,41.76351237369646,85.66715285379941,37.74942975841907,30.38761661182264,18.207659626103244,20.86732183774965,0
3.2985586929742823,30,1.3195270461095543,2.371085611718038,5.529557593239942,3.3125646107751137,96.70721994969583,56.64486993514209,3.59829184421216,11.217611139747202,20.071158910767778,10.24277825034984,46.48993300697125,57.41920411663208,54.49666883904669,1
7.431981420460639,128,12.50684163155158,0.572778307855963,0.21272061151294602,6.481250713499167,11.91926843906379,60.93094454492973,2.4944330946716433,41.910813459722085,64.71071593458474,33.010221867637675,89.59441929183352,87.05481849144984,59.5426983669502,1
7.510520397355422,142,12.948188409217641,3.583397405995702,5.470838390172442,6.4242407507257795,63.19589765938643,85.85200927257085,5.115504129930577,3.3476647827737867,59.921247692337374,49.25891817428043,9.733286196674984,72.15859573873342,93.4047927942251,0
6.392844106302887,208,9.956635846990006,5.018078760332704,2.1529374721206205,0.8216348015796515,71.69265459357955,64.91311520758141,4.833852844559258,35.07574110592229,68.85420512517612,79.58103907889672,42.570299361375795,12.041616317929831,75.69639976026004,0
6.987633642887789,184,13.824277957131871,3.5830166962259247,6.01961301015771,5.2197066515519595,47.722041095435955,92.89070129984187,2.2430588412957486,41.5457296205973,69.05296065915805,32.311077806436955,77.56963519900673,40.67980374921024,0.0,2
9.521195595069173,187,2.287825859265867,4.9322275940642095,6.204051305335065,1.3001047957432026,28.820838645693648,84.70824666789821,6.882968213335381,18.94424421242077,94.4331373834545,32.33272075693188,74.17476618655418,3.497812711117194,11.320169920994521,2
9.8920695233767,138,4.99404239902036,4.666864706888561,5.848036462776796,4.242958396089464,55.003745271109906,32.179220758976925,4.576088558311097,5.141889040796492,40.49457034155306,39.94386704586365,84.20092326155107,31.946396273385183,39.29117659564042,2
6.667608763542006,85,7.095498328208591,5.966394887132111,0.39097084344736105,2.1133598870654207,36.47476802907027,34.29466481802409,4.279880015931866,36.600703854229536,36.37948911274853,89.48765881359692,73.76330112512312,65.92139970572407,15.678568257054742,1
7.795731135987429,98,1.4453608829870939,6.641774791645852,5.689145633221393,0.5465538425717125,90.91240710678164,42.58193087321365,0.5821745080242273,38.24318879474461,61.14782515232062,70.6072478432073,93.07956987271758,30.28202264815496,0.0,2
11.27798047474607,41,7.6128845310817255,3.112216139705125,7.923135789634953,0.7721631744235203,35.679241253325486,46.3211532064105,2.0272995843786883,16.4590676835035,47.78882441300223,21.71376133866732,51.33813864755427,82.01248199494565,65.95469338516514,2
2.7572026792617894,99,4.831244532911002,3.081083987135604,2.0924778744998584,7.751500777731229,17.57069927021291,59.23960962461564,3.1841206160524465,24.299511284493963,51.69037596350689,63.13021094608784,63.05895482735606,47.87411607282689,26.922184836719993,0
2.7295874419511605,86,6.769572183946645,5.52961258719793,2.339060863357641,6.355026099292886,57.638914016545286,33.601010631707105,4.451317359736767,36.80716992443643,16.096375428395366,71.50250263490761,83.83663554610106,65.9018073069546,0.0,1
2.4209446250630684,22,7.261560006283058,5.3662061242701675,6.545507086728208,7.927321446892784,39.599259138036935,32.78761448910125,3.638069052039607,10.25784802175514,23.045311571916184,72.40897687164382,70.25725833664029,86.08333098845944,39.675480236009925,1
8.407564492925541,54,14.167058349012814,2.7203867204545293,1.4510950794374282,4.047915431601843,9.589814480084103,45.511196589446364,5.364927240952599,29.045957524824612,92.31299442017185,54.03980549881965,14.491274855251234,67.18416901304573,93.2719808488551,0
5.895387158298984,119,4.909182752020113,3.5002905890229314,5.352552668935502,3.571656991203556,56.48423509979084,68.76184905702016,1.9117172160285232,20.517118359180223,16.009647746970714,66.70452739497895,39.13067009131562,87.34866320283443,61.06057164087997,0
9.630374869489355,87,14.384895556487335,6.335940579802544,6.089205744504512,3.110621257017603,53.78464111657014,70.05004904769507,4.944883267449142,9.499877346933332,61.93281215589463,54.83214610056642,56.3909442448641,78.95814345697858,9.614878567493575,2
8.547929839740222,208,7.274758665155308,5.457021422007423,0.48985316219098596,5.276979606837556,17.31970866331951,93.08933920322316,5.734519623549021,37.75192891179126,76.40260255357434,28.948780190601703,75.1887315791259,56.30403906707271,39.295517807219184,2
5.003196462446501,108,5.782677354548587,2.0035947935140004,4.519344335268764,3.0530988505592025,59.76381689598429,31.193234713745124,5.378844831522378,15.961275784596848,11.04399050279282,10.09024146947273,55.55178390012731,30.939911401642593,78.86086720307124,0
10.932848747296125,201,8.43818314989422,4.378533412836093,4.691842616579887,6.368695165448852,56.7358973857489,46.42873214855846,5.41884143365743,42.180322973165694,29.601837018137864,36.59072986245816,77.31207944869264,31.025386037227474,0.0,2
9.50658754424185,143,7.149697952715162,8.23543569407189,2.566854599655995,6.831065540213242,77.3612623041591,92.17419983512484,6.230698695108941,26.464156402251486,43.18233871474604,7.763135192980354,82.89768131105043,85.28112244668547,49.40248503515003,2
4.340616879556845,22,4.71205915843822,0.8930127430050424,7.035488421300634,7.457094584806801,36.15699298426344,70.20069941324417,0.6808319431153775,24.12392919954375,54.599935342042826,42.0009936479519,29.656929137451836,8.06511759541917,66.74014080488215,0
5.324016186606567,54,8.440725736900218,7.2040585103543835,1.4694478105388797,2.139527814060329,24.87595236636393,62.38228198576153,4.910621842481311,20.20215560143244,40.060385938498115,79.81680475175484,62.29713010407655,91.49506372110145,59.25960461751557,1
4.801619792144761,152,3.107386342798235,2.7208152825658205,3.0407187341457123,4.526985214055953,95.12198869707755,58.171684112107755,6.783879587703581,19.22884826382113,67.1119347171164,69.85689612596485,56.81126510571281,33.743621218064696,8.739821205850577,1
3.1549223105624966,121,6.1493351339490845,4.892968728343459,6.819615759749169,1.9769347805306465,56.12175227827881,21.040830410900526,4.058189484134314,37.17254981799547,29.922981518062713,8.848655106696873,26.140504496902704,72.45387962246011,84.67161264007682,0
3.0517254116930124,73,9.400011334486177,3.490253730929643,1.6870135015267413,0.4154689167308656,2.7139958884180304,86.46990470527282,1.599482552692309,31.13253652790342,12.242498405753672,20.337204461141127,50.55866229902532,34.02279674792014,25.87067472849119,0
11.329338365445313,116,7.08380531472585,1.329018122753965,6.606718263355865,6.045732555026636,82.07116841117433,65.04041723320861,6.991401259842069,35.268675638307165,10.138252472006364,57.467581324285405,56.01685046489072,92.6103305879171,0.0,2
6.097992390586909,191,13.323467887972106,7.607097088294609,0.8167395834700546,4.711442701055047,19.675806091894078,60.733392634242726,1.3052733204682048,20.10661886328197,40.40505705156781,53.35176270549954,81.0126083941454,6.4285588347322244,0.0,1
5.524858139162803,90,4.702170775334527,4.794360140645196,4.015986724081922,6.180989148245903,78.60363176458435,58.160027465747405,2.415348111886529,13.241800662217624,41.826326329093746,14.820165514288947,47.87201184173207,36.211974404189746,38.937734375860195,1
9.161699941112468,23,15.540527998231353,8.62594678442721,0.7875791670764867,0.8360324558149117,70.51624271559648,46.35313658568894,1.287229100078458,5.735204396711825,93.47716233001587,70.57635943726831,12.525186370263299,84.54133842056095,6.463792646703988,2
7.306427185155449,75,12.72777471694054,3.7216160317042415,5.487647963479811,8.462419904120312,96.88137242631572,35.373175308871424,3.305138794375471,35.39620756931392,13.940702701780793,17.468161916422503,50.31852411559527,28.76131467887553,68.44104981164136,1
11.329469861803853,197,15.507413995161578,8.29538963221852,6.366691614633682,8.452527962355068,96.55793015945262,75.42575882675874,2.9902444663156125,19.856886512261276,56.645725291895936,6.037119314231575,82.92943782700824,28.908230799767924,70.59428724637809,2
9.693165686048618,163,13.539675633420623,7.771052509083545,6.828896676325062,4.005998534229507,27.441062465575992,55.76540142093297,3.4895621859229524,23.89661446015737,60.84757165521847,72.81852246780855,58.12675706646174,87.48267071044992,0.0,2
6.5333804233076735,178,2.9599796729449688,5.572005503041953,7.853845555803113,7.374893207544223,76.64495812234185,17.715162583137626,6.503085460382464,22.18175911347295,71.53620104699932,53.21126259487832,34.65446617630627,81.07473179822304,74.09345189769854,1
5.451774471548675,192,8.802193377652209,2.144751644246862,5.441722633936777,2.1459758687666772,31.685508577992394,46.92755998177306,3.4004382622561535,20.538927823877327,66.20864481237813,42.66906594222108,90.65029816253603,12.942492357860587,79.93514795698749,0
11.859631221705381,37,3.3836735221759424,6.394331827996621,6.1986829279521585,6.295555754275695,62.91979388295943,89.2882910578266,3.6509216508741447,31.40768181391754,10.71627544770697,62.42910789275986,19.47557877022374,57.53691152771859,4.318634804194426,2
9.036482478038256,70,13.23705575993431,5.273771244519165,4.144914570906369,7.485497197233952,59.77460849545931,44.911564923269026,6.21810653083743,28.175566977620168,65.60347525999302,81.08065980209633,35.39962168187711,23.999147703953003,66.05002184688645,0
11.487543930040331,26,9.679264667586098,7.638145282105375,7.319347829212784,6.9431966350785395,5.454351562116466,48.0586406340459,5.742530158702343,43.79831334170514,38.37013869357642,16.964446499693125,45.65352622855094,23.222997545896654,89.69811460704108,1
2.7440250607789345,15,4.804429578224967,3.577503738072386,5.221315381155808,6.918902257225723,0.5181749835357574,64.91688984440285,1.7540820154555652,7.972868028916961,78.01246859860657,67.01448532968712,73.6319435771065,60.84797476893487,65.87827868145857,0
10.430603631503217,177,14.929904374509004,2.3021274367873272,7.091700968760478,3.989423709546467,5.776401459480951,79.13398430527059,0.18918909107906642,26.66133046900682,26.57615397994152,32.18366141877451,82.72445166769577,14.643419431511186,37.10779998208256,1
8.189275781907678,197,2.5508280103767627,1.3715861783478838,2.0365257327082706,6.9879155613416915,12.79420475317411,68.47688941637698,4.443547186194152,4.719327026299501,73.02609737399177,52.306361314627,10.44612429080355,47.159226094279745,85.40823403045594,0
2.780177622518682,45,9.370708532763974,5.979918680511651,4.074554689600902,5.901920429378924,25.765249134777367,83.00437848983572,5.929463784478888,36.7404920044526,65.04358936463737,46.067993835755296,78.6593313031143,27.04724302071072,56.679035881375256,0
7.676708999676817,155,11.759816430934228,9.065203302486188,5.892587584297671,1.2125917444113168,90.69552232425625,24.117646963255865,3.9146657770117606,28.501387329797005,67.40159790881779,32.857028858384965,72.00914261831169,83.2687124222716,19.236357821520755,2
8.704011833607211,119,1.694497767452963,1.0500015329994088,1.7812296855889294,1.0591489941419692,51.86326753466864,88.96740426549191,1.5571207480886318,20.42028908767913,25.483396463704775,22.501433514992364,88.20266434749892,55.122457842604405,9.98526015063628,2
1.6291782018303298,28,9.887411704734296,7.065166737124306,1.8484503874434304,6.5841459418509745,79.68917388407887,87.31375459291088,5.215350125659617,36.49613314968968,68.88731211725668,68.8696769034809,88.74119814677542,23.220230138591827,36.693212855110126,1
6.270338599338339,193,13.20169847503903,8.596386317171458,7.828733375163972,5.35389834569256,83.83117521072082,56.53188692684702,4.719821050017763,21.565112165137865,74.85409996048851,33.08722051528379,77.30987695542171,90.08777135584971,25.772340882033852,2
10.166694867561372,184,1.8264151791544112,1.7196944584228173,3.5899608137502073,4.46275938440757,73.49430985905411,64.97937902297608,3.998724508119015,11.794802098478229,53.068102988926896,76.87820008027917,22.688849636522892,80.35227385823465,31.55653021057004,1
4.601269766112944,125,8.586093160820731,1.5182825305272525,1.618160532805419,7.720999043130157,39.13851244205719,32.02504401611214,6.057019600744788,22.317532727744485,39.95218010290398,38.17530466382959,34.19005011901271,27.937469654395883,15.392798934178005,0
6.314754858884787,153,4.7300691078608486,6.7758642291300735,2.785418279455747,5.640558997718236,86.38593938409828,50.835795038511115,5.511272235279326,5.045767255405584,24.656826737359477,70.87445730691401,92.07773199291032,93.33878533358651,67.03760653624406,2
6.144298334212879,92,10.876451663361197,6.257780324226016,3.2995339564742197,3.4276326587417216,74.20497533209206,31.216268873584987,4.708869430817185,40.60802771449366,35.516526209745166,48.31790946341436,60.63011688640878,28.167458211352336,59.65292752041995,1
4.670237610146161,169,2.603895979598443,1.6841486017654144,5.060065008267725,3.5770271886799443,74.31514434050524,16.75813431528156,4.686834816260206,33.43121011358183,77.21689589582185,35.11647139888191,55.10474829820376,30.50845347241578,25.89404198458647,1
11.14363990291332,101,15.043181746191705,7.954143800025933,7.39951434057247,5.184052630867713,90.15743271655693,93.4722454501642,4.669198176658097,34.69357880724619,46.027263760070504,59.00948457698456,90.16097792409185,39.28055530464911,10.87406256108584,2
9.703587372030917,207,14.399874442063924,5.073177259415407,7.89540259219231,6.486312391365327,59.86634724576837,35.73172125681641,3.7236367399242916,39.60321207279302,71.83876529540666,70.7137182827611,86.30046739126881,18.49169072272934,1.3827417793747507,2
2.66117831545916,27,3.62681118211078,8.006863451306286,5.283250319506678,4.840567778372642,52.857442996217664,62.44866471182682,3.3010593480425445,36.0376213190486,75.12803659986683,46.60614471338717,72.65714225842342,67.57951703900018,2.3854191780126026,2
11.968863907294518,48,5.71364144234959,8.28235554047827,5.659394414222253,4.373591410641109,89.01625575970753,39.02003068302904,4.996243170541165,20.569661380897912,69.3269797229375,36.067294634280344,87.04946428683755,55.38970862781261,47.5005676535586,2
10.731600255231324,203,9.732051614726254,7.155057794926185,2.7102675236333944,6.2059659022951275,45.44617281641968,44.64972961683479,4.3124119221445945,7.1013652655943345,69.27138128409946,55.65438689027559,15.58665287918001,87.07947326588078,12.314400041971657,2
4.481038597572409,71,11.714547516840607,5.311800254771309,6.885837044500243,6.024222219219105,81.15706960288429,46.82092468658198,3.4808658798737477,18.05468553918097,63.75112198069254,50.583429279513126,75.45158889379145,25.64227121077412,80.7184880289755,1
10.287414086439851,75,7.528371430435924,2.1638989744432453,1.898827014718456,7.074913461153913,5.384636044480773,41.80373850598062,0.9739633419861872,42.16564271832806,55.621134126806794,49.45323314882213,94.80453880430872,19.00170334032474,13.89474746514664,1
2.61740508464952,169,3.1756280938068207,4.099012403136798,1.029769064625547,0.625435004729273,0.1289944456322134,65.99198074719486,4.943308641706842,42.81089112294933,27.40786844458374,77.86537979943778,9.554841682170608,36.71059891187579,5.6799805313196305,0
11.990599669979506,51,2.383102705803648,1.6360193700801622,7.791396722761677,6.441597909488622,52.829248960435685,91.87490163908849,4.557390136987961,35.01844721752321,84.16669804912281,39.72420032989635,25.743245616528977,16.734216249760337,79.91188010644098,0
8.489689729118638,115,15.996433121098027,5.4079412242829985,6.940281679200152,4.415587787994196,7.361189381638022,49.29077200049864,2.461514139217175,10.790515072069663,94.85524717890839,51.42107215818481,78.83906016448395,91.93819664766136,24.994596984470807,2
8.326312663367368,70,7.721352245941006,2.5255802507434497,2.5684320493974404,0.7274222082784757,97.65430134530637,92.86613792434122,2.55862984688403,10.361343913958907,51.05059777281463,49.616724399950506,53.36438629205067,70.4399895057244,27.29023758410213,2
2.4496276333333937,53,14.062482587057172,4.14596804741143,5.466331587772184,5.803684236623965,0.5501174039798773,68.42377898758265,1.802384450533241,39.830174967870974,92.1250105178497,96.82044007560839,13.055506972337303,77.84201553702135,13.68172564390293,0
10.918850688414565,203,8.13211527036254,1.5350270870159655,3.8427431878229563,6.11893762961632,71.81496364986464,63.57089560168072,6.73721526891863,8.102384689478365,97.82351931964894,25.146553030192205,29.92009671150997,73.31610059697628,61.033634006286675,2
1.804494783646929,53,14.81983610589925,2.806887247270412,2.720400007934673,4.498468224175349,24.338469578622068,33.968308143913845,6.035389403794186,27.117911525297036,52.785240307552215,30.35792726007703,35.13754279280623,25.825002428632565,32.04302585511219,0
4.028694609432044,33,2.133942618127569,3.288008446672203,2.4368388439303,6.767911412258008,96.75520052720562,20.033656471950465,3.9712383029442964,18.264822337999917,73.74327288999719,14.200811036224662,34.85883313167324,16.221723973902236,75.26390128600403,0
3.0017296892496677,146,2.5330917082851743,5.532407498301251,1.2610140727230705,2.622084112486133,38.154165062789616,83.15478162334631,2.8714067112537487,14.98647334233059,66.65354976604598,66.11920337752875,86.62356570060136,43.3667568028882,48.05526041149378,0
9.656063377268294,184,14.93040925340821,6.353811821747231,4.484681041751546,1.7960206356640636,2.728342626386515,60.918485115541515,5.184094319505321,31.12742710411016,30.879303808065757,51.838320085506,66.56939053429785,80.92779744680125,74.84935849506526,1
3.5811443857354277,39,15.201894284680732,0.5904034124424523,3.683454182916561,3.0461651946435393,2.693576540878273,48.15310899399055,3.741324415269381,43.26147029603332,14.143871050380053,46.82335397962429,73.3473068883181,34.06844088847224,49.69567245299384,0
11.061701384874295,153,5.5837052014735225,7.591963833142099,4.195054078339566,3.5444243116862113,55.33733717246886,79.95738576707868,6.833372134014287,35.43825074433284,49.8952673833522,23.085527106761084,6.262018266635299,3.898916569461547,76.34571207594227,1
8.390824912938648,120,6.198506282306852,8.281461560785168,1.879785906339355,5.945842260178218,98.67119790312812,39.84643060618551,0.4803460360628665,22.90499150336682,79.27403977087195,73.17709365997658,44.75861627532016,65.04570599941823,61.72160256658181,2
1.8797084601943101,176,7.677243569488321,4.175608635939387,7.5211632320313315,7.202367478177112,97.97735350457194,77.68938047715898,0.3365715649689784,20.950594852695303,38.61185031669333,36.10698536272651,34.557318410094,21.805928660197427,41.80077817776503,0
1.557013258351355,39,7.12565753702282,5.778314282370517,5.181011331378224,6.1557127966608824,33.72729722892658,41.23710683246376,4.023416024016276,41.029560097862635,79.03060746500023,60.04217729673705,84.22906240833616,54.026505264814155,53.88545001883076,0
2.042408128651189,205,3.688687282585869,3.9564280593217074,7.216885127590027,1.5614954961846528,48.2703649188897,88.67049491233308,1.5026266365534566,26.85860523437142,67.62254801274008,16.616696611257506,93.7098778145462,4.398724702408174,49.84860462630761,1
7.86221436530114,135,14.455305835878493,1.4587460974150317,1.0523150950554925,3.1762235123221623,10.04558057978161,36.4373499565442,4.269698728496328,23.355477991846396,71.20763895994767,22.35440109208173,44.37069901159149,50.83188642842826,0.0,1
9.915559014023861,179,4.650275530725785,5.007480705036996,5.058237533678164,1.4306751929613353,52.217685599173166,26.00432940596569,5.4918188969755235,31.36194238985119,35.14519817721032,12.235597262243942,95.49463715513077,39.99919766211771,52.784293613766664,2
4.004804616587579,85,11.520140624060303,1.621823667230196,6.825802185424457,5.8684832762876304,59.97015990482731,70.84773666795294,1.0529573521756226,12.197614136569637,51.36416969018813,35.894499124805996,6.335405976070435,85.75872677637383,28.240460593831987,0
10.418792850692267,198,1.8207663015715878,7.391416359484154,2.78118208255284,2.1846437770219107,25.106166561132103,28.02778024518166,3.140196746907743,4.740625965719826,25.989934402219106,50.232601332147524,35.29190459140034,70.85049714773882,49.03697961955081,2
2.100935371609234,137,1.3890202392321278,8.258849309617151,1.7221167192606939,4.513250235955513,61.21144359151738,90.94904402311884,4.851802875800551,38.769791940869794,31.699086471015924,25.506155429643876,77.06859954748535,6.386646560872183,1.4815642036621437,2
9.9101204632376,39,10.736703183169194,7.850313634764844,2.2671661852838336,6.751370682835348,89.96927516962539,67.44440899110927,5.853658637643502,28.112253130076645,17.906803792132536,29.628148960676633,38.48926563417807,77.21510528404973,0.21302483207557632,2
11.241852016808943,194,5.953041035113557,4.545309620765104,2.328883068648432,5.735889909341567,0.09553334234805311,33.46885290276208,3.5247742212508655,9.08971535267796,21.156059754066305,15.5042974891972,90.64949672514622,77.3753807113121,0.0,2
9.607138190595997,170,10.76298276934402,4.825536153922216,3.6881519264035743,2.606341521587115,22.893377430794448,31.7055147428343,1.522459749651549,14.81606083953213,28.525186178033614,40.47740222776866,25.317235002326136,65.36049754331279,15.154987350264335,1
8.83026823177569,73,2.2291222729662215,8.172285663800858,2.7425161016787865,2.8960807051772632,20.991956332393812,88.91000312963372,4.142014863540867,44.56714104134982,61.060610601073655,21.532507777777337,78.99700564151429,90.35389317494422,0.0,2
10.298792295881523,121,15.237740974721122,2.2318640339137024,2.3159377671223322,5.588260007465467,12.388620303382702,63.62863302799127,3.236167774202497,29.28021619593718,48.8265785201923,23.673732456491603,23.758309473434768,78.5058316006168,13.036464433926458,1
1.9215886452441975,90,12.177419896775051,0.9325337884830818,5.258395927560076,4.715529094455531,16.610121273710188,86.49888053379334,5.426285446330953,29.352822061586263,33.49067710576946,12.716386693686644,23.330757343573904,23.5764744725837,52.803608976541305,0
3.6187121625500813,120,14.119261941992148,5.415610859960847,0.6136524990406989,0.9097052947483729,62.59125453653876,23.818016387666017,3.933474843000342,5.103037517975047,85.77789532699664,62.78498625755767,46.454690329644514,38.865313192286315,33.86352907695262,0
2.8116986327092524,203,2.8743524214765657,2.841178368910716,2.854837469489894,7.441529349897787,10.269439015064263,89.0313756463341,2.0280176302959725,43.66664457248907,56.21299683809478,90.65344300368858,92.87947471472091,35.89278290901908,79.49126995228099,0
6.797575397026359,190,5.666446727171614,3.68042055781256,5.580065334335703,4.40595128365048,73.85316090207216,56.60394495952707,5.305311146076198,40.38966425102499,91.23363367994985,54.77177580639751,59.447311456918385,50.461334745303944,69.50805943795449,1
9.324475347452868,57,6.3988312959364295,1.3978059247243262,1.5716280443918462,4.076232510858709,88.70225905583834,68.47375330650804,3.672454389437522,25.55464501731848,65.87691668042595,8.792408861082366,64.05805922324296,92.64908029857773,7.119694507258895,2
8.115124368052186,204,8.965024254567643,6.107514149278387,1.9232373252607164,1.7668904277110036,92.6587724178369,44.83003772330245,1.3250712107204599,15.303723407387562,11.389308494527064,82.31550071272393,5.905138539581307,60.86624663409431,42.698488654753525,1
10.436876547500317,100,5.312400979712697,3.1101123880249326,1.7651996782207562,3.2667480793525137,66.01758143197009,19.731225760466096,3.9851990296797624,32.01637482060194,90.38586080938117,85.41075615363539,10.26521403075416,32.416271585492105,43.23254555485308,0
3.1297364206314544,152,1.7215872812789579,1.8604375056092424,0.20722363250495837,2.895728843446833,19.739641063361603,91.63779530734632,6.643408412936523,37.835098962290374,85.45677353991272,50.70512388943371,11.224864386475183,91.50266740823123,36.65638485290403,0
9.213521465319197,164,6.4069513872095545,0.5388274637606004,3.8953884642862673,2.3741797357671857,8.529657553990788,94.56786632867856,4.968062200470379,35.8032206223999,65.90386760471912,22.58839991908404,81.22672224349459,68.82551844599153,36.469039598995835,1
3.526935654123493,109,4.669149582334688,3.303291389487129,0.5038785574457608,4.866215227032894,23.20249538069996,44.16374790083544,2.1617431940600547,44.01303699805879,57.06007290431198,71.10896343980598,27.02724732352521,28.01156920730832,62.43342820819373,0
4.342966888836902,104,6.666003630240866,8.390594151952072,2.3289305318442213,3.9831130263543693,96.19571857850426,90.50943438015837,5.005024909520721,29.384782142678528,49.85749445203548,79.4105459995646,35.581951171403034,88.21220026740957,58.19799234549517,1
8.95399932145369,103,3.7937850478243984,4.106982662470239,7.959466711817378,7.569260556643205,96.23452017507121,28.418103276925137,2.0499835459150346,15.812693557031208,52.431386427481186,64.2345439155001,61.72560841249519,35.35601239345997,27.09961275017133,2
11.79215024143616,183,4.780824893383979,5.999372697430468,7.363490448844338,8.007289407196152,38.191888391834205,27.374755972686042,3.844552979034707,23.410887361946944,77.69141639412678,60.69813478669795,59.307751541758684,51.52385990494152,59.89384767529604,2
7.92120786275923,90,10.329675574570485,6.532829168411639,1.8775913036194067,1.9435768055159635,32.57915410975506,20.84894720073372,3.7335107701341146,37.101638221876506,55.156461007564346,60.48638323923859,43.179243273864955,48.046947494836544,24.14987828640354,1
2.072253307408604,69,6.6999382855865885,3.4060112077652684,2.6180189689286752,0.9408856016445684,51.00105822590654,46.30155260673206,1.8069970644914455,13.409731250261228,25.490173485814775,88.00703416292214,5.39991916123998,89.82130209012358,81.72652406403016,0
7.971244184239095,85,6.049827576176279,6.999325134649487,3.816895741694702,6.696835432497095,29.16880914674007,19.184180014527932,2.5003802791707446,11.950554962591632,15.119625911223359,16.401895492562453,46.81303947972586,27.972355783692535,86.26025291720373,1
1.9446807915917546,53,8.915365617380068,6.937376743686686,6.786425663942099,8.456835790564316,97.96624516555633,46.57257516903174,6.601052038023715,33.16788695403824,21.104392313213097,11.738550399532956,73.71608326196215,34.33083420543339,19.141613876594064,2
10.78352996935158,91,12.532280220827671,4.827723552771925,6.460638342866111,7.354240586774895,22.122139002457743,26.071234291973457,1.829129901266492,21.110379340162662,32.12681757768998,80.4178076730003,26.87725632526735,65.05505723370715,73.13812926910198,0
8.950571993556517,37,6.558792936488949,0.6246402210558444,1.1846832052170009,0.29905817779737165,36.91426821827686,73.44222364583658,5.6270866010538025,37.11252699315807,42.360602686694186,21.138102751615698,70.87729495546508,86.3418760738866,67.89068666678492,2
3.3178423874362837,32,9.730296286848777,0.9783362767704339,1.1707010171171466,2.2106138259343147,42.93708757001783,81.66901194691265,4.704857002083766,8.178394204836522,88.53260907141836,39.943674403906606,6.409212243006875,13.79910452287223,49.487335628002505,0
2.4630705611540797,156,15.486279905596279,8.102929800751527,3.4505115803735484,0.4640751271466169,12.506402308116215,70.02523422370304,3.7751410144277755,16.434947915424488,31.039676433570783,36.363413883245684,89.44472580125145,22.729050777112725,0.0,1
3.4270989032433494,30,8.73409773459437,6.8159977531563,6.986744038987422,6.994546767145799,38.282482677012986,31.03953219489247,1.0488525993096278,13.52829598337435,38.12467310422306,29.080714236230563,93.35364631198854,92.11524135351758,61.31125944307548,2
11.790285385319022,125,14.628923163066675,8.706188552449044,7.080262992944918,4.983818600855456,85.67307201019733,76.34785543263646,1.511538193674007,32.00833036684976,29.6252794783561,3.4272304203678434,5.228917958484017,76.06592781401648,41.95427092309722,2
6.314886745814143,167,12.86382388869769,7.424700720891879,1.0374536275549353,4.415235745803252,14.036100145675846,34.960015762661996,1.3349456027737872,34.651156173045926,58.025280046139734,59.753078850081195,47.577112484005646,35.530558143861,15.78674837454193,1
9.732849957584783,156,1.6925239610822755,1.0791302979843937,4.679518846131303,4.757379008770831,58.402195082618725,75.75908775748219,4.148880386918891,21.60811592312192,64.30362927391485,38.95852901595826,43.48544044219622,36.61767195948505,55.45109234855717,1
8.182287592131658,101,7.322302846332704,6.924885582633507,1.4142665375758805,2.2205905730513655,40.66371380600168,60.391805991711266,6.816344057357498,22.55526318515423,56.82722280695014,54.275793439911666,83.2951521005141,47.13618384263553,30.64211645021853,2
7.510338074565692,52,11.41443979960254,3.902802794252558,5.551808618021705,5.153762300766448,17.053672611745473,44.33700130329677,6.152950913147464,7.677370959932567,93.76338530709074,37.54559352141353,55.28710799306399,66.33715297675323,3.1925582885054187,1
3.023867673983022,196,15.798021069212638,6.354780441834069,7.34817933384547,0.35760261909785196,1.2336164449205822,21.679390241284615,0.27423799221408307,32.178608033961254,97.59326555356293,92.94387233831651,61.85698870405273,55.73786383722841,85.34748253647426,0
11.433256762359997,177,7.767319625654991,0.5357353197766029,3.7472004813096302,5.526498481355053,27.334330348990022,81.20076078456206,1.9887137087901912,44.66965824476764,83.69084710288956,59.70832410020837,23.833058287037286,75.95527553485472,23.463603441038803,1
4.664097641404538,134,2.2103389027264395,2.4633350244616605,0.8480456425980016,6.269244173502178,6.182896069800192,90.17223366385804,1.185076466665453,35.4506391557678,80.86606075034659,93.79092149101011,12.167014123728524,8.091678427333301,50.3296876173359,0
7.569180765979193,31,9.342539455635592,6.562933688566717,4.718182727977455,5.753420615179348,37.67684712967352,68.273422400051,6.832177109095522,11.593829897068007,42.21264435396555,38.02219866272091,69.38679203798414,79.98982979642597,54.56818577414806,2
8.847647418185193,21,2.723769640284196,7.499158027931643,3.386430027059667,2.8897871538226503,81.02098556993457,92.16332533547511,1.725710618724924,28.79427780255213,61.02094854225586,2.2266739085552025,62.722867253156835,8.456827064731772,4.413194783510084,2
8.316948130075744,76,12.223097316246779,6.0033047148241865,6.52501026820489,7.040608487071358,71.96852608776125,89.72891352343929,1.4890609767676781,14.683142858562876,40.92957286750189,68.33007771784077,82.40657226044486,85.81154895204634,58.9319557221705,2
11.376241301802944,45,8.516690361419023,3.806261093007958,2.8546868186258245,6.110569575786849,94.73837117017669,30.56867206430029,4.384039525717588,3.2975917754001673,79.02331446328905,68.51430554130503,83.55556061211117,7.065916922664892,50.25086026485866,2
3.0586093941606087,182,11.796156799334755,3.149686055446014,7.024198163686196,1.1776975125639342,42.70154173370692,73.49698788785707,3.937687426666027,9.732382793200843,25.12114024008157,13.040135290234781,63.6862804794831,15.016248549607447,39.455488963225605,0
6.8377037536928915,55,14.01429976855356,8.728357270800652,2.334863179551322,1.7392114525218465,70.78013985918528,42.944385555015565,1.6583752380905208,6.4115236073451785,29.06711085792859,55.58082358490283,55.067608614376795,19.937330950802505,44.22251967459951,1
5.742361102778043,70,10.360009860874213,4.5012546268930445,1.4286375599317502,5.451710670697205,66.53417221020203,54.00138884525008,4.725517565306971,10.42509980343235,13.40507823658718,59.21901541069766,90.00276901810214,23.96677352112699,77.59543912869205,1
6.4787716595674905,205,10.10907780464836,3.9361566713478764,2.5905469430849233,2.5310955218706197,21.704630315825955,27.55723449190766,0.7693497579333551,36.21099012230715,63.586691253743325,23.623170114415764,79.51756463426551,40.765634823483836,75.40033723184585,1
2.7517840250763186,174,12.269468490682396,4.888444234227248,0.4723431762174228,1.1032367081483905,30.358250523265852,92.9823542446122,0.23364655561315598,14.591781763308564,70.59136677342822,56.0022178030417,87.06552453198476,64.61530864646414,0.0,1
2.907993403664036,57,13.605316022080544,4.076829807985535,2.3937185416190823,1.4017395424590946,52.98295333977603,73.09099064611269,0.6686620558737931,34.55271789063981,10.295881188361335,26.70823456207116,97.61320353948133,86.90471789933113,21.723564298115107,2
4.419793230703203,89,14.009617551410441,5.581425606927863,5.34891754427984,1.4911843165393655,79.66573190059219,36.352664770477446,2.617590759232831,42.801089858239145,54.94914723149405,3.618974261880089,42.52603826228566,52.30326415282867,45.40505626736311,2
4.699398339488729,115,1.3537389743798263,4.161987668111813,1.30980723274142,4.11344361727441,46.18127344629326,44.71773521344268,6.82761266233624,26.69374394791431,43.164959387100104,79.56461674981085,71.67492359303982,53.05403563963756,77.6562674221185,0
5.992983743654174,144,9.254092511326398,6.949886015503012,1.0686467877353862,5.202037808807778,22.774153617552727,48.79863414630275,3.876004291784611,22.872584506432347,79.72950880005156,52.166834632988085,68.99030681653679,33.01467920727032,68.52213441224964,0
7.915369243884597,197,4.087293508922782,8.67235502279896,1.2326052717839329,1.5817791087770858,99.34656902803698,74.80269793150723,5.307610110806723,34.255468550381345,13.422385647880619,63.9855743311031,21.195272339950396,78.2639598847498,37.12774235728944,2
8.163605732891762,184,13.877257539883107,7.625481381436493,0.8049030592394377,6.084971527051057,11.557880635366846,89.05578134156676,2.31832069039776,6.17487601540287,14.273780615990912,73.15086077335734,64.19901977145301,13.385705443110558,75.86174415362848,0
5.824014414148488,205,10.65564481509109,5.8961844965400125,7.022156212374929,2.460505903012839,95.58889074913279,40.71521063876573,5.063439551834971,20.413119761850062,64.57840068787743,82.18331414434466,44.81230265673805,31.303698981869587,32.10246051557463,1
5.79222264900132,22,7.1873816812930595,4.725638407772197,7.56409790087292,2.7170883625092714,80.90462884304887,52.800007062433565,6.766650267044267,23.449457582078608,62.06421920301923,38.40539190891121,46.90910988057514,12.116252891479457,21.777303251297255,1
3.7850995303181008,61,3.65918426744454,6.845847391486513,0.5631769834845329,1.9773884170225038,83.88935193078518,62.45660582677609,2.568550142946168,37.73520634713024,83.1359220238249,37.06440405192011,21.752833056427296,23.132996969664102,57.80450431969983,0
7.677215608294587,124,5.953159113981362,7.835640987565761,6.128559896039614,6.695731541922805,79.49175830914994,46.467519392025245,6.993510099671672,37.01135938994587,62.11948624584778,25.667030735783136,74.26075919064509,58.14020368624369,24.731926543460595,2
4.828929568830998,24,11.497420957011414,4.83899903015085,5.949783624394143,8.162436196669768,20.8170941304622,55.33450586925482,4.505028662118496,38.47541047354919,93.54463291605212,63.55648365159287,69.9085120400778,14.840276470205751,50.300370905586455,0
1.8786282599123187,84,3.9062650872169096,6.5154654007492026,7.975893511958315,4.236998728895979,63.25823773952418,23.45661032160816,5.265280746006594,32.00853589831118,37.66584851662914,45.22601950776472,54.50298292720122,12.458072754771036,33.29008205230965,0
5.893200463647034,44,2.222460769143266,7.082311608129164,2.913391161424332,0.4530573880287345,75.67498124509318,28.413951017613286,1.8399539480522349,24.813899708948018,45.01708376362242,63.3791761385436,19.574884784001394,80.63561627532209,75.48305072417976,1
6.478393088446788,196,14.298037125058775,6.4874709450088766,2.4269701351852464,2.2887822579739976,74.56857921016514,47.08810057761159,4.537326307322967,37.59881081776543,96.03537065225666,32.65949829701204,56.78842503821279,14.12011804084891,83.52900401689563,1
3.8687251161442155,27,12.415997313617776,6.374646609023253,3.7340405423166527,1.427622445398307,27.15653705440776,88.1951209416442,3.6259431350904734,39.55114385597659,19.462133416716476,21.515067624868813,14.312408259672894,60.1570148917424,27.56252014830177,0
7.510808297782215,43,3.836882946003615,2.0018652700615416,6.881286381763686,7.17920319275695,18.11193877636814,42.948643659570685,6.699178253794309,22.66083748432899,80.0396270812726,83.68423232169579,36.561598431229854,36.089051192052,45.84985011709681,0
7.44060495453517,53,5.243135460135873,4.49653109895257,5.883030411795611,0.8127734944389233,32.81229839145492,34.98342468840109,6.342257829747656,44.38346203921718,11.018046890118747,78.47792844043603,39.6292793797223,87.25850944696714,65.23894619479073,0
8.8710229016589,43,15.575466692389464,5.419103853908537,3.8786657489465215,8.218400421782423,47.98444803773918,74.42897766794206,2.837040932583033,39.61717937410468,52.813165947495,36.4555038445685,87.15856150627994,69.50970345997254,4.053734783134532,2
8.303459063112705,125,11.564404198738584,0.9228686996596294,2.107590177629811,5.043515723646858,57.378074706367656,90.93041328612874,6.63340128561381,23.950195613120542,23.499405688443353,63.11870060047712,43.64727301632782,8.586441762227675,71.16276262825626,0
8.350547093470832,86,10.079934464050137,8.033834326874912,5.870722781893295,4.449014211422971,83.69503623191605,51.72988936508379,6.205206613975067,4.979366599925575,62.69982992806972,42.478235423769206,60.65769778219912,87.17400238787556,48.29800683222889,2
4.820248594152453,192,5.475952978446781,5.995841535501268,6.86530957072913,7.217745228321169,76.9034227704616,15.688396445374648,4.17364856754706,11.65315818749154,80.23895733428887,65.85613641860746,86.3544458750705,41.906496086387364,3.382068466310887,2
9.768038330852516,65,5.346702191331138,2.0667877563489285,3.319619602326429,0.3314000188482318,67.61505256665161,70.05194651804943,0.666613570647828,35.38513891318025,12.907722606860482,36.56257818849028,44.595627804273555,31.033380204505246,77.7181385680109,1
7.266016027796634,119,1.400759004091503,6.918105883468899,5.414966477403677,6.628083095018881,26.348929294276058,48.20486412929159,1.2094526605508105,6.779633050943445,24.41199994007358,55.242227850387884,87.18442736657808,66.24151002690937,28.990020209916217,2
6.029891049388846,143,11.872924376909358,6.435182733389223,3.321653765177466,1.079473982775539,47.88804989349433,68.8916429292972,0.6304322882492215,22.201402851728318,40.14971354224741,12.136648654414927,17.690902064977493,70.48954859587644,18.241236799296388,2
8.073131049881098,137,1.456263420864645,6.560176617141878,3.9322488175035817,7.16253603109963,33.54358741279611,37.217321266336285,0.8451524910785211,28.00864426050328,32.51030899529931,24.150554485763376,38.93041361587627,31.5055730258609,16.164387432636758,1
5.28690201172767,170,0.8738315342146414,3.526034900079412,4.294300963648326,4.545080241598039,23.492817955053415,15.192651505356993,6.840971383312236,39.76891361993216,43.72335030295045,76.12769457252499,13.809634163181205,36.05571532372227,75.5663610288956,0
6.883762068370961,54,11.888325335486883,6.862543307427309,6.250661349373768,0.6134869798247711,1.0245360383479452,42.5596974996483,1.563954364591451,38.425896104419635,93.76441038393575,46.50600925421316,57.166455523159485,17.695067893628902,81.73164094023427,0
9.235409729063313,113,15.222881108666705,3.846064657644629,7.824546676205663,7.099258325931125,33.946197057069064,71.38338740903532,4.866896618150575,34.86395060556851,18.906139214741163,12.482358681924932,94.02723161792562,58.78369509206238,23.252341078409277,2
10.80723031059893,171,12.29884632545512,4.965585083070642,3.6660560685782126,0.32943858339851384,25.61162677146215,46.449062640735136,4.49204497801111,19.53085243228156,47.248825562587946,24.815951430657627,66.09652068487767,92.94945101317245,0.43363728029466664,2
11.171100571599512,183,7.968930897490555,0.9057374569825457,2.870057048731326,1.2623138203062694,57.19023269668166,32.53393117225808,4.454899567485726,8.116717936718775,50.22404070146729,40.012199431636944,63.225032413433624,42.16269946027897,2.9960405547906834,2
6.788145714422542,135,8.18788779332527,5.281720084352308,3.1140098504846523,6.801726000143683,6.2301770283712194,52.12054913072812,1.5262575972126058,30.794920310987457,34.67010056096632,73.58995955785267,30.86875279861186,96.64338106987685,60.310125851278,0
6.962888704775976,142,7.429273624266401,6.152316193204981,1.2443347411264167,4.004917440406285,27.05195967102011,75.18788186387084,4.097491501253806,9.795410767004324,34.508577076506135,40.84094492263696,91.59292855195032,19.582972822608887,22.993181945488775,2
9.898639313020283,183,5.734583740077071,4.64284127334524,2.5161221549782375,7.503665116580604,4.476948998841534,24.554646943384483,4.416214612136166,26.136522786570477,72.89819023394023,76.13410577363148,48.852734984139595,77.83334914992777,35.836736956013674,1
4.801732263314113,136,8.73005605562477,4.920799720963377,0.8742898234966885,5.437605891445101,64.14179045134361,70.34016269173182,4.035796684851267,44.16916184592381,64.37025815328647,75.95634227327695,29.83119093326118,90.24217583974013,30.975791799817806,1
10.29251480462322,200,7.3534945485449486,7.2939635243185705,3.537575252798128,5.337641536711427,56.81895585686249,68.38752190431578,1.3845210242021828,25.663320359712806,81.52921773651747,34.22330604197615,96.8560981802697,67.67710915034557,30.86098896458222,2
6.688487288432946,39,9.892151776619777,5.955316497909672,1.5053867006261812,2.554774891508925,33.74800230744732,44.65903037480571,5.089118119815492,29.758945292199243,45.6464435780686,76.03149201172573,44.35052584291073,13.276671195221379,56.86700446612208,0
2.716495605520318,82,14.451425223616637,2.503053354397943,2.901972618600388,1.2229163978345619,14.73346004355438,92.62689531035956,0.6053778172239261,31.135745292395477,63.39057037421123,23.17374166523703,39.549405364087605,33.69488726081479,48.207049277609315,0
2.2566210442659087,36,15.924143143321917,9.017767136708116,6.389906445254529,8.173848083532134,95.79198327687351,86.57642395842812,4.179280081555391,37.70669938004671,88.63575638006743,34.14181525664799,8.251397858791602,11.052586438665411,18.789200831504928,1
10.340928715914362,32,1.9968980062203403,6.5055602604872504,2.118235674595261,0.9803005888045193,58.43924473886134,40.29291846416559,3.1101893935690623,20.704169158603097,84.91690551104192,13.747399733154369,21.581432502455478,59.56432336608526,46.80518678033178,2
2.0834631275222177,107,6.647188784452389,8.85547625160905,4.972778046468138,4.543689040617967,67.91133665720679,17.487287471507447,1.8269774926182085,23.3929257452574,90.96205853999638,8.494009204813299,80.25479602172207,96.82598806093954,33.39115121297979,2
4.446420079403387,59,3.546734175655504,8.516852653101292,7.22921507013918,2.3895761630121544,53.134875326945185,39.66438453960613,5.670984024280357,9.566796598757367,33.66980198248379,11.854192278980864,49.89064472799998,38.226933644114354,46.77324801794862,2
5.008365425266231,94,6.152231203668112,8.488533356904396,4.622047658830466,2.3187815740842197,80.6533247646205,31.37775540328346,1.313658710038069,28.431235172712586,96.71706423882658,10.789886285436545,93.803349604043,18.316833997468564,0.0,2
3.3164416745117347,100,5.169589881936029,7.3223672450473,1.7115823796248186,5.094524242143629,89.63800495481213,58.78015312380742,6.537574143295862,14.717594271948736,81.84231256148466,70.02317085079116,12.80137969979306,28.252178298700365,16.973774097011624,0
4.7958803829208865,136,3.452964400727182,5.450286772162724,2.8891763129344437,6.802646584302498,38.27105435976298,88.49955369457237,6.20349869541619,23.82786420221408,79.9430869316347,54.001832564034196,62.282740143054156,56.65538510575776,43.10181533828931,1
9.2982719506134,199,12.413956012003615,2.426183680217956,4.804879816035715,6.6283076557827405,69.00253122306106,84.62700080300172,2.5880540754183725,34.96195932092561,68.74691688436201,82.59281458980212,71.95852572152832,56.48240796242134,17.662924327240802,1
1.654169857380743,180,8.343588891004385,4.714318676012642,4.151566890126857,7.397934189225849,22.988748454639698,39.46633245318614,2.205555222924294,2.755505901325424,96.52758165674176,55.97582525619627,62.770030761208126,24.60315829601277,52.201341513137805,0
10.185320957467207,88,14.77253284970183,7.05907159294204,1.3592347229598494,2.5603829984638837,65.18550471620385,49.28780268445096,1.0486581155904249,26.248367643128045,48.85756406809028,56.75335982716948,54.278613091704564,73.56624561055555,29.895728232655078,2
10.493754247532861,78,1.2954051373546203,4.773589435741159,3.685011488586438,4.0123116064066195,39.915562997655265,17.923375926365317,6.4226619299442955,9.458135744359659,75.25545881909214,23.92567869503608,58.78174379150011,11.273155400375881,14.947617650415507,2
5.408746518511256,165,1.8180657996062468,6.968583353566523,4.435920220299938,0.17841041504820965,0.6781599401304961,58.53308061193196,4.429969825880577,14.013483610705707,71.49539334298989,59.75971912217692,69.12811199800707,61.56578657981809,53.60165515480026,1
3.112935440136665,39,6.92975846054123,2.304020619406085,2.285195172769065,6.37360403434547,95.55278684226207,20.06943840405831,0.31930671678948175,3.4926710437409105,74.42382376734177,31.6916656559142,85.2835095582902,43.015701201335894,26.282381556261605,2
7.808824283423349,120,2.0202152701413643,4.325246913338416,4.977075019650845,2.639682141995178,86.84415455387189,90.08849329832798,3.6258959604751126,9.286898687993796,76.12890364689459,78.41406866903122,36.28005191847578,14.954451865265195,13.127550412078747,1
2.7565618365813904,97,4.793489865505469,4.504290077374332,0.7472487759846369,4.8165456794695665,29.08365503460284,84.35470678818179,0.6920127400227697,44.42506391134753,26.786518418666777,87.86207610435227,47.747829481075094,62.63216669699149,71.62462576554346,0
5.3316532913216514,50,15.78765209476468,4.912230077291959,2.825534861811031,1.5221223689633858,99.77573142328605,32.13501011500024,4.058879726174609,44.93647873157041,40.7165293338114,15.511267809960232,64.13959155539689,66.26664531032338,33.60843373050571,2
11.563506399460211,135,3.976186033766133,1.401812472169417,6.47335929566508,6.982955859928359,31.712767455653413,70.94949438896364,3.6118358564136064,32.95346055525484,44.51835163267963,61.396818913979814,34.222083566359615,44.36190778933199,83.94156655226111,0
11.95237696212819,77,3.8113896694637788,1.955255383995286,2.2224214470836126,6.965086641937533,45.88441864590747,60.44163059466665,0.6716377139687819,28.309844755161322,75.82398363023667,60.62708466324597,21.626806533042668,78.011325029749,19.09346117598475,1
9.60710135922315,51,9.519338165694778,7.908939250202533,4.92037943002401,7.470604483924826,85.12590261744171,79.10861700129465,5.729438092505733,35.411298983268395,73.02982186329878,48.07026717622481,94.85369438036638,50.87575893458564,69.42690682993606,2
4.765095854168045,142,8.369574020055982,4.35307053955072,3.3982317669404334,0.48587077569647186,30.459635132804085,53.05216854012159,1.909988522447316,40.551833703961954,83.3362260607433,20.44582414234874,23.10978665805007,29.86091849726298,76.71986567656442,0
8.720483016243971,48,9.622662117483241,1.1156635694890484,2.668389110838925,8.436653162110115,45.05402843875,30.341757653262242,3.8362421127502233,24.33011756131255,79.38968589434958,62.07462691359154,26.64417787240932,92.63852012618676,9.868219623171793,1
8.906766837582133,146,6.526376228769909,1.1621029798959919,7.34582716569821,2.1813470812934344,66.55871671232555,66.18747200982654,4.509368248750687,3.5172119749611523,62.45098138626815,70.67468397473652,62.537807344881095,91.74013954848785,43.18955703340092,1
5.572337799218323,46,13.366787870403195,4.02311025243658,2.8774414010269918,2.6992429627977357,13.046755477242822,21.422426159675602,6.739901281668649,32.504020284942264,22.31546681089494,41.56627993345094,12.195252822699759,11.988411103524427,63.5973604855336,0
8.229330663154673,99,2.9064243819254347,1.98988245097151,2.046072031598743,2.1944201251997475,42.23503686917177,61.767039293473765,3.5073006808709373,44.33790758911417,65.92006281244812,50.95018536229757,8.166431804814213,91.93164055954804,49.60988638476815,0
1.6126402722446005,172,7.311568216790278,6.103668885700129,7.29255026199411,2.347274666278872,30.940993736162646,32.0163844371566,6.429478828786672,13.096277106794336,88.06121696009816,19.704660549204043,10.95326515389742,75.89534378940175,39.32287910159049,0
3.6951054153235354,59,11.284380096350123,7.33053938217998,6.018365976299356,4.742355391270632,67.6774305864818,69.79491496988481,2.548515655299122,21.929019314827297,66.59934397829635,81.4187741595862,16.463519058076454,13.024551280380056,89.81388441437068,0
7.013427181156242,164,13.997193892300075,2.0939011428956547,5.518037766845939,2.1144085721517487,13.596939006037179,81.24345293824868,6.016316691384965,17.53479924520509,88.81512571484127,21.91613157233661,44.91530817847941,51.81657555410817,62.09158448390012,0
3.219388694712107,155,6.417488416622716,5.10402193530738,0.5863725481216313,3.4076790157634003,23.27314791009374,23.761978342565797,1.7272009659647758,18.790102251884125,97.91666559604715,28.571596187849508,82.12123984219768,6.285423147294305,80.04407544190207,0
3.2420221127036033,191,9.429733106225042,2.3160393687880254,1.2233986935830512,5.607095292523009,71.13762037524828,47.02148417188739,4.981610360804383,33.02019973664035,41.6097965060709,28.391694231363175,36.80338605788404,58.35256463272242,77.07480941892769,0
10.281195050777498,47,1.8509271641103748,2.7170170652094185,5.17905171771537,7.122620110052905,15.62243697241148,73.68172702207974,0.7114227569094759,18.271388759510153,73.64949310261088,81.04099993652198,44.760421562210034,90.71963833560957,72.93634415290468,0
11.885896528177858,154,3.3888501392998,7.712311371169169,1.8335761249048297,5.919028602241788,42.20192622398897,28.096244921508678,6.9037474611172485,42.46661739472525,57.51635966884447,66.40213320585723,60.823351633735626,37.61171532363306,61.53559970382848,2
7.337678994298708,197,1.8509000694849402,5.396407933639922,1.9599762879168008,5.0923118962135145,71.28807220926188,60.32189360285705,6.682161159050339,35.9553135118331,50.03751846231857,4.176106800775608,33.09943158300979,50.810766360808856,59.12747183456805,2
10.31023217425799,163,11.863789558377533,8.170176429841188,6.277280419680164,1.3409199253449773,76.54683844300052,68.74711855005785,3.1512741057699065,3.1888220787708903,31.10830292493658,17.98811426335099,45.22602272542218,24.39067063485155,79.33749038287365,2
11.898377475425862,51,5.178511524576538,2.012291303158441,2.430214600928153,6.955371052946774,9.488117867166846,43.38348857915058,3.7151530041327496,37.197601927450165,31.64048444764193,75.74444901418116,40.926986878385556,53.848946553315905,54.68025121955549,0
2.9867568299721343,175,11.800928410915935,3.8999861648517316,0.7583809567849449,0.41310905914152496,85.19956094194782,81.55858193620809,4.224646549994352,35.23286916486232,26.27756123487745,34.88633300235577,36.79516937345185,78.44201886187622,5.378690798821489,1
6.2065789391706865,35,1.8092538414577732,4.834083115390808,0.4841691890169166,2.3192099711765377,72.39723011299664,55.8526548037371,1.9977591618587234,24.209230320393043,65.57054857190684,5.592166376703119,41.120564761829485,23.234277750099604,51.77670560924773,1
5.622013516340159,129,13.910726566206547,4.367645018207528,3.6567883005132447,0.579294902228474,33.92945886933138,65.15958719524079,4.753852902915622,23.36314806009578,22.50067250459307,89.57638748146904,6.03394706832189,55.027755624664614,13.477558625272106,0
2.3405174782849425,112,13.500059011288593,9.050742934013568,5.013602905940239,5.7064033949094854,76.380285233024,26.269823736382296,4.92007743157116,37.92765684907899,47.96200934390047,15.331486136782813,87.42224213530737,36.33646804908395,77.54899593703034,2
9.430966814344817,118,2.151716894364296,2.0237364313488504,6.977304820456062,3.194317093785522,72.8298865340659,16.852813962613524,3.723027797044402,20.265767434010503,56.05332505595308,45.71594927843614,95.89325216272825,73.29997533893324,47.87942938812854,2
6.054679786887227,116,1.1610988981492352,7.671771498364307,1.0642742812545865,5.577207258920881,60.089122650838554,19.059885665998905,1.1194107781480023,8.856880761611833,48.56463399262934,25.99597648038783,85.21214580170086,68.99163422397709,41.33691811313602,2
6.427932808999214,21,1.6555899573262658,7.704961754200956,1.734048045048711,3.0150600581501585,55.84811734058444,87.31361185585727,6.44238301285204,15.454649812508404,85.23379718570466,67.27425480421132,5.534031487044475,68.686227674724,22.401239676509157,1
3.082066225039022,114,13.775178631830356,5.49885407360794,4.332444765078274,3.928222138715751,73.47034888995854,85.6113907398601,0.8938110681847454,13.403703344372042,48.99890366185971,67.71301039853154,74.83235584259984,38.51349457009312,39.49651158668661,1
3.399729848424115,197,4.367493033588815,4.216857491634951,3.0400452254874057,3.9468724853959194,99.92599017054545,79.6073151329474,4.4412879641025285,31.28553827501236,17.28922418085863,31.981135065278853,58.29831605056436,59.332254479224936,26.36168646702724,2
11.024588032640258,100,9.133754431444467,5.011859372919779,3.9637921197148582,0.48287749080737463,57.85522493158853,30.96896729878886,0.8113113166073103,9.691554051756345,97.31355962319296,60.39448259204548,13.75826672372078,64.2020072665284,65.33442561453387,1
1.9688154342299282,68,7.278911888336862,3.5426998884390013,7.408172262076881,3.71390282130643,80.8717871762248,57.03669215596026,1.1080948930171661,29.7252147666107,84.35855601329872,77.51362156916232,91.75589954380257,66.99651340275454,44.69404924583576,1
3.9449489919089156,208,12.891987998674752,7.454932046917339,4.45015490014456,5.484940650167702,74.4273717315583,78.68936804386988,0.24171436679892008,22.03657873234176,68.08382671572798,70.720777357837,77.18819301770523,57.0740972795318,37.541684627469515,2
4.566622968302548,34,8.231254182354194,5.234537116658964,3.4379407627741925,4.686838867033644,85.58084020338256,68.97353450046191,2.607212178611641,38.10541996470662,76.55647863115746,35.743576131986714,18.51255463967271,84.47964620138315,25.17265329918354,1
6.647074195216657,109,8.410044778051299,8.750488019069653,7.917631272258009,0.732383636737613,95.45248613841383,24.24169549407501,4.513119694512061,22.85494595835112,21.28078157842628,36.37011469127473,94.65585296149513,26.387066451380242,36.85605759423518,2
7.657674316655357,114,15.834197480398515,5.289578110857887,0.7086822252163831,5.71167027976869,19.30832074608152,86.6432959849939,3.698655116156817,41.98156918648347,77.40050188107938,85.52156542486966,16.73648401138953,8.245838199969391,44.92524325225578,0
6.679544746431999,108,3.081969262588708,4.394766222559161,7.470484897295141,2.694447141288192,16.54596363951163,27.85459142223698,4.754320143614551,40.72017249908027,28.281906870664372,15.205588253064603,47.285228701363366,93.47532466413719,75.65638543775088,1
2.3832110128472612,194,13.426699868938158,6.538340456204314,4.112962368110767,0.2212523433437856,58.635182841490085,28.743655473066838,4.757630140009574,9.96736590147298,53.02989940250986,7.511731247409175,19.78474313730309,8.708970302643644,84.61211898202446,0
4.058508267584992,97,1.5865961331790488,4.710083507039958,4.129299434583677,1.40700267950766,44.929506288650444,87.08069033365666,1.0671988335602467,31.505153151130994,25.662485460536956,24.892292343712764,18.967743940385112,87.87783164444375,72.19597742281275,0
10.357678040006682,204,8.060261297509156,8.04461193840047,7.391321806785032,4.2795011214590994,57.072269291916925,53.76935512756128,0.49562808360983734,11.228864212193335,76.33307686123288,74.56103342217682,95.00593366883875,60.55478407369701,17.62544790455394,2
8.194681355023821,28,14.272289323781958,2.674382919285758,4.157127040825942,2.707373935852577,79.80427344855086,44.83134607651735,4.414971168999222,37.40208516790968,31.64218148509533,14.94801082045953,58.20741866948764,89.36159621957235,0.0,2
8.31606502640988,158,10.911252277182644,9.0938548736616,3.619575306135161,5.932817315529827,93.17144800492464,59.29253938384452,4.607247704329174,29.336095645072472,32.28234082726896,23.77074896992533,29.103267345449233,56.10566947288807,85.81765608749986,2
8.537134181189227,130,11.21526221436522,7.100687514902399,2.3254110185141523,2.1214891947524213,41.74158251985581,93.5117866265689,3.9412557724777613,14.647060854110999,19.61156674194632,60.534048078457666,77.20514149058761,80.17482019632386,83.36021393595047,2
9.510481699915054,61,4.80242269029858,7.904899262493545,5.338770781175882,6.5914878151914165,71.79326455436245,24.570436419283432,1.795761017636088,12.712316020490777,73.41336821282071,18.80523090639661,86.39772913513319,70.80128474404616,1.2613396516692728,2
2.1101390580751973,59,7.162336828694104,4.1904907387094354,4.643231709642141,2.5064083237094317,19.679918784140938,75.55590790336522,5.694279997177552,20.47183916695349,36.034327508717254,37.009869317754045,90.33716612126342,52.36054056410304,52.5016003100104,0
5.34938804179243,155,6.372032165185567,7.4622649688633516,1.8718944081927078,5.315255143709091,53.455194935452354,41.7460689795302,0.6222335069241739,36.43108777282863,55.60864116177313,45.200925161552576,91.7676022999191,37.15241745564021,28.020459386558553,2
7.165038070247626,139,8.725936794401512,2.5540419491526487,5.733420737478333,6.813417594109913,2.1804777780519924,24.363941667809897,4.4629513463173796,36.23494918869642,39.23743304829945,33.58419410825055,89.21911016724246,3.268747944704178,2.7529578199307494,1
5.0537930746219235,134,7.8258645381837555,6.8246414046433195,5.223877487225796,3.338671480607491,50.3750567133097,48.75466842823509,0.9308395975676678,3.4351776988622253,78.17371077635653,89.31032669603889,64.42071282117107,26.585095809521434,86.22769361198694,0
10.367028169515459,24,5.768854948530238,1.9730272940489786,3.2992042968110185,0.4931615112499519,54.533645912549986,58.900230218021676,4.615689243389284,14.998350265248703,29.93056177147211,19.840636091657235,36.84939843205631,92.46607999655068,85.15739174717486,1
6.567011340166586,131,5.443305308041785,3.555333606193483,0.23432719084769446,4.597742376894599,73.54453357783312,31.476931018251754,2.9823079359821256,20.182591429197856,92.79343600408247,73.7776543359277,91.07779400181605,28.893413699309182,79.98862257396549,1
9.570589689323482,206,4.612963953157856,4.530566746831678,3.683332971374264,8.461436116973802,64.94847902069917,47.4215567277282,5.054911082519933,27.180026578102456,38.277917790294275,43.62652937108182,16.392177104035902,73.67412961024682,15.431759777697032,2
10.446162927252274,18,6.348718152648328,3.1480812013611548,0.24725331361596348,8.239531677566074,35.839673430580156,65.85408203778324,0.46012619709084934,8.429661379032058,19.138942673586058,19.982917667882816,20.698382799726033,50.79877576594558,47.02327195108781,1
6.8003105704867295,106,3.079110464597722,3.1654584744294203,0.7849882165325108,1.9565864291310133,0.5730900713121323,61.11584157761777,3.9300726205145393,16.417169882743764,31.146860487714054,24.742656633084252,45.34596126609953,32.000352157551134,80.14472416098894,0
11.050298560649175,111,14.055985390454323,6.740507706863342,3.558757239350506,6.44785067916372,11.548587362294892,72.85284752438804,1.0996575022725494,40.08067188442222,16.50680175791142,54.67679867425382,31.38083962582589,96.16278420246377,62.141184324802126,1
7.664801375638296,189,9.952214755868095,3.4900244628475567,0.838975096645556,2.997595387288554,97.30606535174523,81.91236263499209,4.808433258112268,22.49154307678693,51.249008327333385,28.77320377566521,62.26315172282004,7.415591487330651,34.21060039600968,2
10.427880137754078,70,2.833553669026603,7.2789876816625485,2.3501903835398967,1.4462888335379687,92.23331583153058,47.731226541549894,0.9276938560506086,33.998158719867895,32.02210742366527,19.71466029333358,89.19307883570995,57.715248008558234,36.997810211372936,2
5.076203353711005,107,11.346661879976821,1.137455774295653,5.312832674759954,5.6936834850609435,32.509316308114535,48.8373820369782,0.6077249283682882,22.845475779342618,87.97205191114912,89.39045777545883,50.66591335263763,46.382712304912864,0.0,0
6.737578064580595,154,13.684530313569192,6.511733065262423,2.6071996723534685,4.307297328024859,25.885293992388767,54.73537075641225,5.020547307466926,21.994250785219933,55.50731857937288,49.31887143377264,56.509965187923505,10.193482511993789,51.699303709902935,0
7.079815930548066,26,4.410542215194335,6.967966429521259,7.981659034147781,4.6295366843076895,43.641629369003745,60.30827027050428,0.5383703485211481,28.742797578590675,30.536423488177196,85.1086507548626,44.3514367952416,23.125043346643373,76.97028442998088,0
2.602287016908741,171,3.0891290339264117,4.23933636792651,7.347155864536853,7.050098362778271,68.99400296120729,23.66581393903133,1.6492626437274611,13.152674024153555,49.711789031634844,17.572936789586798,70.8039318777623,68.25874552572178,0.0,2
5.6848013203661765,175,0.9309823084330313,6.30713354474418,4.765417255767085,2.926966877454354,35.68276726579737,40.01082833558193,5.790672860167137,12.741490270168748,27.24749594835734,24.518440817563437,14.364056525697887,13.182891200582748,17.291184846612715,0
11.1320455617926,155,1.5182051506185736,7.423804776409901,7.7421876813524575,5.703595980267569,6.729384773115554,28.75134363016194,5.6868493238767615,44.54221576033919,25.728185081392823,63.39359678452499,9.518859391170224,78.29636039167296,51.459686656084266,1
8.123738523829795,141,12.386220494213376,6.989545620502917,6.970534896573672,3.1760083224860525,40.27950924443964,45.86822098753053,5.993467728687355,39.366656400726555,36.45776937174307,30.954956858085936,64.64447812228414,61.75573343149866,45.533676257929365,2
3.3638191155881585,160,15.805232247033747,3.5493520244099876,2.687408446955799,0.45888073127560525,26.05889944814319,92.86832580592292,2.350089238162125,33.72346054733471,19.530528899667313,26.180418104031705,54.74370469933613,12.48061391905905,27.07790125459711,0
5.057984173900852,167,1.4821809016394045,4.380188778508206,6.0468507186854135,3.275326901625331,32.49300112112118,61.618476534478376,3.743531398376444,7.8972151793879295,26.60098324815838,17.660006809925427,42.884296698802125,29.960575103745253,0.0,1
3.5118316014583484,191,12.170678578014368,6.485064747910089,1.2672879152307892,8.080289490914732,16.295724578730443,49.350521593643705,5.436096732982448,3.2996625809449665,92.54812482359712,18.72314970289773,36.061315694762996,15.89471906060526,67.66377206107768,0
1.7606428838850117,98,1.8923049207825928,3.3338733570319823,5.5395011101541805,4.159404849542703,65.88400694456475,60.274951617896704,1.0452000535764554,9.542737680474998,68.67863185337666,66.97153487818403,9.818092296010676,77.9745217824301,25.824779383516372,0
11.23833481429228,103,9.800418938535735,7.187956954983416,4.030438246657727,1.0091356694296927,52.66309332452249,68.52612443417433,5.098297066588455,42.322431473823364,91.05703438423937,29.993446216771176,68.2917231045018,53.098204761812696,52.653178917964205,2
6.20617694669715,139,12.292344292909215,3.0709703904449315,0.3312423261720328,5.877745366760297,27.086311729535428,49.796277063232075,0.7726558108231169,37.10046012070648,32.60253084916497,91.87497984780802,44.19648083132671,3.26601405135913,49.04528037058239,0
4.729118260418255,52,6.259906838469612,7.242733074674488,2.338992614644892,8.192386537635578,55.38624813062414,50.816784340230974,6.401429199525387,24.492268537008783,85.4171735504813,21.337253879867493,46.409927675324354,54.03294283944634,36.71415468721467,2
7.784010511356234,181,0.9662077608820888,1.4755144885048477,7.651981295753139,7.7267400709717595,49.2707847167238,71.11209035053669,4.497440259330218,43.65756542884022,41.88000700315058,36.53574639730357,88.09037118130594,48.383546320905396,44.04065699225288,1
1.5768017910766643,165,9.846878152306473,1.565103444786101,2.6634855836901496,4.9044710375883644,79.5974856566028,19.8690066564561,3.503806657559316,8.303030424798944,22.689158338778736,33.38181771197723,73.59195307468353,63.44918188129548,56.39205163582852,1
4.419232119308545,138,15.866918347728422,9.320014011297879,1.6153447513512371,3.2607582525276624,95.59842693402017,58.20644546306753,3.4446318572034333,26.043468920259585,80.81422480036933,41.21693348771365,25.40821282847611,6.275341215777633,53.64524325984877,1
8.881851389838372,73,4.715784827145136,7.151649986124162,1.6627452832632248,4.97769241547762,13.067050897865595,58.78622497741611,1.3513981301298819,9.878551435144523,15.249211603922014,85.17204898163614,66.11648417652577,6.3300244417064455,44.94889803377481,0
8.15458261722726,82,3.68026741324568,8.311974147854187,3.9378634642072026,6.953820922473696,88.39134789079829,75.54018089027048,2.486829869937111,15.176430006585154,45.62704982627703,70.14331176449981,17.299744620840166,35.84060187896353,42.44127642595783,1
11.808962449196622,99,2.6836735698534273,8.601827299691141,6.772664077230172,7.334393672955016,70.47969382849021,93.61158018693264,5.117153290688329,42.4258058154187,82.09969082902462,4.549624449136578,23.047939710249313,67.7225810391798,40.84458144206184,2
8.013755951409461,144,9.239885422480853,4.532273807791521,6.112413768040103,6.978288633516506,69.25535452979048,78.66038294294465,3.832510983895281,39.33597621159339,64.31227343929282,37.88731383276932,71.41587938811641,65.65646070333739,37.80497831787453,2
6.513811673091194,166,9.865965510276155,2.8900221379726636,3.6074456587946395,3.926001578910597,37.43008971424723,55.30308901203745,3.752212808291814,6.377347782115201,55.589781195172996,77.72993432208875,16.707808897240472,29.156776445763942,44.035840229008414,0
9.49504191343208,146,12.842516724990116,1.608668934292323,1.8280696908082923,1.098407112389932,34.390819546492104,28.556254368574283,1.447196672364498,12.730383639120355,41.119785092315105,9.51388692217821,31.058037477500946,23.310349188912213,40.238839594602155,1
10.984942655622557,196,12.246713759031747,4.067447433705394,0.5593062207970907,4.881056784605721,0.5639484822516971,62.060877730653644,4.86349995248042,27.563821192028175,16.604913074145777,59.20185273695397,88.51960492246916,67.21380615381989,8.630887736524008,2
9.067307440542692,202,14.366630720885325,3.2134685562574328,3.8085164919653023,1.414002155480268,98.22048746373078,81.74391093701487,2.805033917323317,4.638169855655448,97.2055347711591,20.821198576458833,73.66333948018375,5.548597196577445,59.15052555173486,2
11.613717847268486,152,13.047745014802981,8.339959933562895,6.555247718441895,0.6120500047419903,60.65058323730488,89.5931250916266,1.3609980352258857,25.653639836111807,25.380087951804263,39.555696269125576,91.43973514061484,55.33763317927874,0.9054272832732373,2
9.71105429275086,87,4.5584596628075555,0.6948850567914504,5.891519550035647,4.288809800802431,40.23286239239254,81.02483035952804,6.612114786014672,27.133131739142456,32.46714579789186,43.448032107158255,87.01050080239192,42.86527235214794,73.8481791637235,1
10.601415101750227,131,9.249336554111569,1.9925305788197107,3.3870859874925525,5.605136980391674,54.37688218921786,30.11748850900508,3.5969113533726755,14.51158879720976,30.76058709952636,38.815317429278835,34.06988624370406,25.474160885909754,56.978118077944025,1
2.6980927474281904,97,5.320661778222416,2.103897087093839,4.838680840957283,7.2748373738137015,4.052703409626246,72.0060691479465,3.743452867835322,14.604288145380306,89.89884378834188,88.38342759799463,63.8111014067364,51.90802039725169,0.0,0
9.190341781434771,137,5.812737769182837,1.9148693589945776,3.6027228633804977,6.67581865321615,17.365095529166886,85.41239579886746,6.8714661804821615,11.850408557113044,77.20457855967068,56.74806425980467,40.218698065324915,23.413759722543485,59.047513424829155,0
6.120931345037371,173,14.965554412295944,2.7563535439284754,4.716325656363387,7.300820307155005,62.33599249634025,69.48135733015802,2.628202346476405,42.23408391842984,50.24502235066162,80.03721927830829,69.8307028412282,56.046230921628776,26.05129980861993,1
7.30758992531839,87,11.164817757019518,6.002742501540378,4.236540906269684,6.484577674895481,51.426172968362,69.86016327425722,6.606842723480902,18.721459050060332,94.07722698776361,67.09143213273421,37.40650301353491,17.00354060527628,84.73495998496374,0
8.368075299564746,113,15.61377428141681,3.789250170772565,5.51153948097624,6.00721093401157,78.7074822927633,55.0129829000863,4.894984991834812,27.166569713897285,14.644937509206873,31.54976872400034,5.122515584845506,41.13513373658749,91.13296743827065,0
11.683058725408479,23,7.137070558124916,5.88093238366012,4.160128979558367,0.1851555807818769,65.8742690445337,65.95809777004041,4.468359865939119,14.967706692901125,88.64299354750538,45.42590252143786,13.73625401097605,50.980075518651695,81.19881379033903,1
11.838069855032058,158,8.969051114980445,7.975047622176843,7.536765785706956,5.359259419197368,60.14356759793872,38.55045753784169,1.7174862834031162,32.21455218984089,15.317605540558006,37.735287855369016,76.70414633871798,5.979896636119781,44.00320154260831,2
4.5263965776230055,110,8.20415438272961,6.0015704336804845,3.5386198163371527,1.1120471547685886,81.52657043053134,22.104806942859618,0.45711413947575175,6.361974655521629,44.41950124224161,70.72741382174169,12.812487763820274,60.407420604143745,88.17727749389701,0
9.204411723098119,104,2.430763274360649,5.682377398935074,0.32414716370974517,0.5928039115933449,6.826310555190062,81.21719237963204,3.1207084841674577,5.080586353070551,14.752429297131094,29.47840870475958,60.74630954134254,73.52963758876531,54.49782586633421,2
9.374827148320321,118,4.3978703168043705,3.954717570952522,2.0437135761900795,1.4138620776875055,69.08867964312853,90.45154459132125,0.17017963777050316,34.00420170502111,97.9092712746763,81.66803068480822,84.77340164940489,92.8709149042377,71.12778986192039,2
5.138175043787012,57,8.82007268118813,2.3637608928240246,4.104733493231916,7.015654156110702,71.55907132890155,83.54578683015554,0.5899173243156458,33.24672220756005,90.46627622005295,51.72578161028479,73.92241502631649,22.093877131654512,6.57891282747927,1
2.8006326360743206,131,1.8240894380216948,3.0178430629062736,4.416460444731563,6.34833490204018,27.5163549680011,41.71308430246424,4.207754614291174,13.395057454048477,61.46230806166834,61.3732933844708,43.44980791821729,22.6173645214604,81.26780372382284,0
1.9299430830000575,160,14.958221325495117,7.991742415844806,4.508601356634017,8.069688203723784,19.564963648739443,22.482412104634264,5.098855648203889,17.2670086471616,29.170322511845605,54.76412203711531,24.400192022263226,31.65409747751071,62.13590003058108,0
9.662102839056375,83,2.682423965539236,5.311703402818182,5.77350636650664,8.323400572663449,21.385247545599917,37.41107101051252,1.258843490277511,43.162201557311356,34.35643981737729,57.60156798743217,90.79598635998997,86.73181952094912,16.861197307103044,2
6.6418472890775115,40,3.809307345536988,2.569735052333512,2.3422555124167177,7.6035854855414495,19.81408634319942,82.426830064792,5.154252847449039,6.486202684798516,49.559816213026586,67.24680574818275,57.675170406010565,41.244573387129996,87.41512735474183,0
11.848171779696726,90,12.432882603867276,4.395525677845653,5.386248696523522,1.216578828206793,52.37821909035946,67.46516061065728,6.653108203503788,9.875323861506853,38.40465605932643,60.98741111891385,42.70406551183619,31.368618429139758,61.19347717183548,1
6.382221290033357,53,2.2734050351975683,6.890429831617015,5.6914517303298595,7.478415023769835,13.562631136582848,92.33553952823497,5.227914957010757,20.491649693849027,11.875623678274783,30.604187394353772,92.61136600916488,72.67099349666134,72.8126475142781,2
11.768128280275322,87,14.484227114154223,6.303704414562701,3.4079898704424454,7.144551932224621,65.92858614193504,42.41448147496827,5.514535015067727,14.13025296038758,67.75052871430785,52.79395956975554,24.99665018008771,6.57107669229839,1.0200564184468384,2
5.821548023037629,137,11.830654754982541,4.6762670042887065,3.336918973341312,7.417121222821457,10.507825894876955,59.11776962333139,4.934916803851765,29.907367591184908,63.98165556021051,42.752742433960414,46.1322141381868,54.5885640629808,48.06367354320066,0
9.833662580879713,37,1.8430370280546553,7.130432221841703,1.595613328120308,1.374159183778528,2.68896403102562,78.20305773105824,1.6506883391377833,31.69587408670743,89.57934188325798,67.44328113667484,15.10405095220609,45.317859161168506,68.54680482086428,0
2.3906023592742365,160,11.316075331541924,5.859278959936862,3.4291015347919154,1.0810513532958674,31.92902424458711,33.719355418544986,2.590140600875269,24.634687607274092,51.96315552927963,55.36162628310332,16.61386426365705,61.73667180980964,3.2870351205818915,0
7.332347956446521,58,10.40075384100403,5.44616848647591,6.337167075314697,7.859994588506286,19.185972373304104,92.12719797277326,6.649942043111739,28.281483960319104,40.33438863825813,26.843678918408227,42.06945180770567,71.72336930809877,68.345506611038,1
9.921627763350104,189,12.311711377646763,2.9832951615391834,7.289989443289095,1.5601438527298381,98.86620554100823,62.39181379934519,4.662352994893819,20.63709577687483,55.01351209676349,60.16432226917867,70.06841310661422,33.54890824125552,52.97236760540061,2
11.209367505808832,157,13.388607357837905,1.3646654166621257,4.83018289228013,3.19642254075785,30.29963006172174,15.631805065572255,5.544270664145098,34.69665191018214,27.133159198833887,48.08417533092221,36.51713680633905,62.82321548618479,23.979563158979737,1
10.137122451483032,68,11.718928560231957,8.035512445189172,2.5350886781635307,3.9302727357501066,22.206408602551374,17.01226205024099,6.783992870028274,3.8102354073895985,65.0475509605812,57.21662346334115,69.1326114520792,52.2868980783335,56.628009948966366,2
1.8881926356123293,124,9.709879688118773,5.106458876691686,5.521859805545906,1.1453172337683415,19.676982349921456,85.57728131212761,1.6969147515373937,15.454327476202877,77.76289368553422,67.68104061277204,79.8827136404725,15.592974176686,2.794908171430727,0
5.413374583720708,36,5.70144244244302,3.907292998981677,5.97314042782883,0.27332801947339824,37.385290480349035,66.6225222208862,2.3196380045532194,31.430491779980443,23.50463077706091,63.206710758266524,86.61474606276028,85.8822635529081,66.04480519420217,1
2.0113339592954382,34,11.398559659814923,5.601452938654927,2.7912596744891665,8.450359946043775,60.584889533157785,76.04580152510897,4.5491314045580475,16.174739638641448,38.01772315190897,67.46750974216846,9.158913876997534,73.93147577610038,83.91033140718132,0
2.647464056702859,201,15.345968086387847,1.6830378775313468,6.647073319618465,7.463920856613673,78.19452750462824,77.72128007655265,0.26806656910965054,5.3770170590468265,86.36648618424309,19.649269076638227,76.95704391249751,89.63548861752871,36.29708661165069,2
8.590709101008583,171,9.73033106403889,7.10521221068274,0.7748274906790527,7.763638606545353,36.457624774306844,48.63678210006212,4.04141163360257,16.83557742407134,54.48679387977633,18.32925243631153,18.684217366833686,70.71803159761595,48.82896249316384,2
8.989211061272831,45,10.89804200020066,2.6878591030181593,0.2838789972801991,2.4903297818857957,62.59709800427894,78.88889969138415,5.679949818650042,32.59427518691252,56.80162490762411,60.52636901728595,69.93839327683808,26.011816684281182,29.802144770739837,1
9.624067168892076,70,7.44434624143697,7.130797307502924,1.15917202653001,1.9488532110616883,48.205989827938744,90.00259558500305,4.312059279386464,7.245349205892664,73.57192134069494,26.873792200781423,39.56460930080016,43.469465162783,29.99443094980936,2
10.58729375458446,53,12.293036308094731,5.506683186537281,1.4168651130545757,3.677279088673584,84.64953462533984,28.773688621569733,2.1382136588831653,33.15914866110114,60.854567739476735,10.968278549581239,70.82477668562214,39.365631991817686,73.43108012995864,2
9.264030419003355,92,15.964544363547265,3.081577395911341,7.055646456992226,3.9078826994152576,56.90417771584352,76.13091196336165,5.096318175018825,35.34459580337575,16.123019590496085,16.788043468645903,24.88565473924371,6.367261667422679,28.873787495177314,1
9.909151717119636,71,3.237917725829589,0.7445069317430968,3.5148572773259907,0.14703528645962136,28.989167187910013,39.6233606092452,1.1076182102916245,29.317932010176055,80.74863064394715,36.32414353359406,64.98413685779255,41.59152638001535,30.76790646805577,1
2.014118953144432,78,3.876560248457187,7.530105667129743,2.3444671973689775,6.645726145502596,70.35872571782559,40.71944024430831,6.273936938021766,12.502064088000202,91.20957127786517,86.06092887323524,16.67281009676047,35.483528675791604,29.891109751922762,0
3.962619079633635,118,8.99945393169872,2.642125400839717,3.5467859046971912,8.472003120392944,82.00644880229959,48.0203880829109,0.7963137141791423,36.62770035938764,14.688396503191475,14.931575306660118,20.786335932083045,3.368835902882706,62.33274628594861,0
8.02992662044008,51,8.116906038377206,1.1608773330245512,3.279758963064932,4.541003308857551,46.54406567639651,84.09756159264684,6.0580888229608005,11.221027576474011,20.669978568264487,32.33148416254939,62.14495904030405,82.62958635458145,69.53621216612245,1
10.510315698560643,187,9.487860724502125,7.453510207959705,2.5514010103065328,3.3613730381045905,98.7197238882319,16.764485384803933,3.5348850513800043,40.95030094336807,71.77381779425828,75.62577878410076,36.31974872348354,16.5241959507382,13.7456771355781,2
1.5472513118664208,156,1.5459255254089501,4.096077087614372,1.2756167428133294,3.399115903058108,87.90968791913134,49.71409654482112,3.0576643240658328,32.38576506310953,63.19370606127825,80.88901917362561,70.4513607995842,50.08950373421482,16.0098090343314,1
6.903608092221673,163,6.945002136222824,3.4514751817057228,5.316140603396269,0.9070479102456457,19.695466966549148,69.40381196554165,3.554566147970476,4.3529568458235675,43.66149590951363,30.842724260928136,68.71982749244992,76.75971537460025,2.312447944532222,2
8.61151769332617,48,9.661269583396525,3.153292160536412,1.2655143416813117,2.335759274257699,78.67558721562374,23.833236662601756,1.4814234913411564,36.36934610245151,57.45388110675268,75.48947990070478,62.81196109372229,59.82124869538205,8.590955006630956,2
1.8108765358504386,153,9.694908539835433,7.72884172379516,6.2483107308468595,4.317915424530902,60.09512443497661,78.38028776139332,3.258030498955814,23.776642235476018,71.89379398409318,16.914969485813877,72.94027033479155,18.919015185969187,29.71074241411904,1
5.714233354310573,178,10.791476218879279,3.197639073172572,1.7731665035875381,3.727523209531458,53.48112978078346,90.35220783178823,5.963066729700744,21.46390254146121,54.39392864552178,69.65054137301743,78.83597738172074,61.11184581252049,62.96601901424019,1
10.904166254528818,49,11.74728364084049,2.4800353222444844,5.904696195639831,4.678291864242126,51.393858657956834,22.27478568615829,5.6265911713097125,20.08198128603493,22.336572567937132,7.856659948458743,89.76236526987964,74.2141080781812,39.21324220353075,2
8.551934492986517,161,10.55151749078102,3.737848437951034,6.483571624424642,7.232151448554216,85.3411142782429,27.23585102647025,1.2250348879901722,28.085092856959427,17.870370563729537,35.094850942480825,12.487972141803695,83.34786451755289,7.70685885798153,2
3.995412815286272,84,12.811695961919412,2.5601035482872643,1.1775428762407159,1.9920353426767408,61.087278890344855,92.92777799569623,4.746604749090526,33.15687553366733,48.61956869657759,25.754857535088043,58.15405837439583,32.95345341532793,52.66533721321873,0
10.454201861135083,168,10.296361647205794,3.3622646234363662,0.8766169926464318,0.3323791196130204,53.77059850537337,30.828451262859325,6.012177128261435,40.52699447615611,91.21385869069736,64.82936941434744,74.63624552669728,6.188611650385817,65.52876351180825,1
5.1543299457999,108,8.97011647056551,0.8236000301198356,7.606667611098547,0.42109374037502223,4.885990675804908,21.31517405625636,5.7563963614697835,13.736626956730687,59.08456737434746,15.550900394351544,25.17555547029859,60.14713140563326,37.060905561966614,0
10.460119047012624,171,10.014185719094726,1.9800112477057015,3.8117650926701296,1.2270179645776105,44.830286975855735,91.17540291167201,3.036863858750552,29.12337973514822,41.52336607357072,46.413995686140325,29.516766296855973,24.222239953527225,22.473153994177412,1
4.638908336748508,43,2.3381391746506517,4.6659759656932795,5.115836860789309,4.892057072356981,90.80415620455076,86.40981678475751,0.4318405983881992,31.512732293129588,89.96614291785112,58.29984406110151,29.827684023194138,76.4041369507916,70.67722559815421,1
7.698362634273065,90,4.951979419027904,8.04421958024249,0.38143143294978854,6.888752404318568,71.17367293446189,67.4580378186505,6.525069018518869,31.016277010836383,44.199629743746556,7.488716810251278,58.226966347130194,66.90888068041569,0.0,2
5.667870711352258,68,8.816476666003595,0.623932468384673,2.373939408339451,7.549169889957305,5.095397805615343,59.11447418300426,2.831607299351628,23.19902785466771,54.80489032222502,88.66895146788924,39.05386286730636,75.67956433953721,73.82026995454808,0
4.385663032928203,63,14.069405674105948,3.0177193784157015,4.1421017055632126,5.434950896589759,88.39922821510423,88.53861570422163,2.5907387970687723,18.813969572759145,20.251941095327467,30.83550829948858,66.94681083130871,93.94793283021176,67.74571513397503,2
10.808854402804627,75,11.121583655577496,8.433264946706487,7.11250284443735,3.486403320587505,82.6667221377054,67.44160600891382,5.340653116903809,34.782289133884944,74.89128320570555,15.490388534073269,61.75229042301808,57.94745514396288,76.46727927841805,2
3.4697336603646587,89,2.174202792772843,7.89647382206072,2.317227457002135,1.3979235485116386,54.668421156952796,67.67173274520559,1.9214082868949558,14.900421573754459,71.62666022864697,24.966605785415794,66.1114004785835,88.00547373855032,1.4215823918520591,2
2.3905217079755126,39,9.802579246754947,5.49902923429313,6.246492294898013,3.471914051325224,2.240546518228148,82.49484513615624,5.859760669854315,10.946285983124454,79.89347137162095,42.77070464586194,28.46553836325805,63.33797795256017,9.897741911743665,0
5.090232854729434,152,4.170417412083904,2.787142542599701,5.365260840417874,2.892287124825382,56.24296180338006,67.25965418339368,0.6247557696532778,25.470655331685325,38.61683558164318,22.466259562709435,76.36553795153871,20.083968542676303,72.42021579394738,1
9.035211050236459,122,11.957051708788589,3.492928102237704,1.0991119888848107,7.408217399199957,5.45890499264261,55.294150963014204,5.210907284941855,13.50726687947361,48.37268327782488,56.50461177613902,66.75530622148852,78.13496887384213,37.18348222621656,1
9.978031862750958,176,13.377100958132958,2.2171763995523968,2.488326347777573,4.1884427702491,32.03789596374804,46.177719831875834,6.763947484046568,3.4290259988751783,24.814070614393454,62.40727077524686,17.150413974724934,68.20767067608922,38.40040667375995,0
11.98680538570103,152,9.820535343367595,1.9963226885529401,2.0553394842212342,2.000045559618042,62.890961890273886,55.250711423299265,6.970804698431797,4.217756965439133,94.87642909649195,40.91214513487213,23.61607527404317,94.92633910144211,54.06540800779625,2
4.611801598617232,44,9.788711668225988,4.380065634094787,3.651715183071627,2.5259289612525513,91.29130838821744,56.79829192697555,6.4742500844427475,31.88545263463561,17.574806571893674,35.837059099180365,32.989758606501255,25.88260696042994,4.510068975378698,1
5.783390486878463,28,5.946589936804373,5.149904572219036,5.155607095771157,1.2463493821585878,35.779563725947874,43.866550489460145,6.108260597303535,43.845271377659145,67.11317072338304,74.15632991145065,92.051860229002,34.31379853068965,48.29626895911516,1
2.936623419311076,97,7.583000321651903,4.147501432208796,3.580674092966352,7.816117772180702,86.00237828834533,50.849472718427684,2.0242735487583383,21.551600495921225,72.06265072173639,26.224006649369215,35.350537315193705,80.22015650062296,86.52963656707914,1
7.536155261041852,108,13.93444697799325,6.2112193632418835,2.107385290864087,0.5229051083863357,91.83610104005163,79.1497546290817,6.769873702145372,8.32362840014357,23.88080968128621,51.996037047892834,6.848754687874689,8.911622215156559,66.60917431371837,0
11.97459039126063,61,11.79446903070078,2.4698738421367534,5.627854392180549,0.2079084878695115,2.1043880457314312,48.321069494071025,6.502486497319035,37.17757805276218,42.14844211308311,88.77578947129118,18.17119360227304,62.520777873804434,44.93095059634492,0
8.859250606266915,167,8.700255627376814,3.1674181421637875,4.7588745387496205,1.6371070416256974,23.94278377525315,17.044781330834347,3.7871702984737876,13.241743569869953,13.79513787509853,29.55484689892851,7.991979599525594,53.33474895689026,92.92337561295383,0
7.749734824340403,128,6.397132270975238,7.340128592910913,4.250648477842398,6.911341750449256,70.98622992274987,37.64154574190793,2.8743358153163894,44.81193784896686,58.98152666762441,55.09396380438998,42.46404970531914,18.869255993150343,61.38849754606001,1
5.619875475678837,160,1.5657720219860263,8.098266634372846,4.524472860078631,4.497121007701082,75.68430430795485,33.53934912733585,0.8539440495514988,26.220359130563583,97.55455656847893,81.57216905527432,79.13526629018247,18.52144067046286,0.0,2
11.110636982998326,36,2.973712500161054,3.1934528343991873,1.9308250410918237,5.357083613966685,39.24168502170541,78.48656094655747,4.1753751369933605,12.003199588084327,47.82987620034998,52.69433655782986,46.89052759477731,79.15857639787407,58.87403249156132,1
6.7176242593686695,173,3.7339828809984335,5.534431288509679,5.5073622765211585,3.1049460734921728,65.67546127728549,50.9434446777447,4.933767044803163,23.32820508954679,97.1207233928184,85.57443726249613,83.02645453576264,4.4518446111414285,0.0,1
2.9108525897871456,55,6.475429857531855,3.154504107055767,3.2225041772023926,0.6768950786130283,61.215861736203514,37.424843442810655,2.88757642395255,16.42139468867489,21.107837295188702,30.93928378954554,9.420226886548578,73.20309538913455,31.876738259888285,0
5.336473863590902,102,15.150983435559374,1.5570286157301616,3.0350489938941534,7.291728564934212,73.977496160106,79.85639070732998,2.90160396835067,35.51729533895875,44.53598220756602,49.99999370567748,48.68422636546305,71.87071933842178,53.49540293166936,1
2.205250022901552,100,8.478331601852979,6.935193531590394,1.36792682448081,1.7119118858534226,71.86584277451217,16.537344364528963,4.055848595928697,6.550083089746399,89.37291736426552,29.317432505757136,78.19800960803614,64.06991777865352,10.976647775931795,2
3.6207798957322064,175,4.369570481540312,1.5711466347520937,4.855331209493482,0.37769728457896334,8.587079799036134,28.940067418497406,0.2917102617594164,38.851116832399576,87.14920238585755,13.934779512748472,67.7491662418174,41.49466032963902,0.0,0
1.6855222004990782,68,2.407402089415014,3.684679190916731,4.9007824022627515,4.910714741838827,15.825018094006094,81.156385551664,6.709274685068568,34.99548645335779,38.47605885254101,95.24456944194867,84.31277495406343,5.6621442512754605,47.293393564798066,0
6.259439123251716,61,5.942243973965053,4.1334774038583815,2.854345020598921,0.799629451230649,13.2727147259316,59.052138212832205,2.100349378967295,39.03864356776396,69.71773137161318,32.80135129094489,30.46662932359048,78.36700681954362,26.10073402987374,1
8.16267278199387,81,13.199105660376064,2.8627976127948838,6.906830443551166,0.9043995556226074,93.2480069842819,76.89198196635843,1.0721469462052728,40.48473107979159,87.98209509708558,80.84778365716363,51.57912405478852,14.816477157805481,45.281430533683505,0
5.104570854978531,85,6.62681045983972,2.1259469779350155,6.794571609980341,6.823167064453211,91.35426483529892,82.05408118096621,0.13786993332867378,11.880446386552494,77.48521702148403,54.585042238063714,67.94970778582721,29.394023511012332,17.055591436680864,1
5.91400860080541,50,12.542088251540685,3.9656799933372158,1.0506235905629642,4.229520550271162,79.741226959697,90.35707908708316,6.012551635561422,24.403249710830693,65.30590533009673,77.26789322918,20.669565922767248,91.9975951183731,65.11736089828143,0
11.571697364868047,49,13.001115637128558,7.786464654593859,5.621299424917362,2.1286709988760015,11.671856067595932,20.07396794426704,6.056130893017717,38.546655467154224,23.426654081281985,93.41033103463619,80.87002446496444,31.374936492520092,73.74362497415888,1
9.395612776536613,60,2.4844756994203028,5.76355121879595,3.271911098243174,3.028461956219958,57.42714699195859,78.93877946387775,0.7576155711721998,18.227682800992795,16.424236946209586,52.94148060767121,33.96671472356047,26.983080137122634,6.936518009753816,1
7.178994687921988,106,10.051628239927114,3.375263680908722,7.997775838290564,6.225624222282641,18.723062608985142,71.7012918575868,1.150464989932727,4.597525802212196,64.08675182385737,94.9786915595668,13.677579264159611,94.49683220557,75.66567347974382,0
4.487679188674165,81,15.378260163240883,0.9231329966986214,1.9551843115402885,0.6573748159554554,36.83839375588025,31.562048054124734,3.1905253956785993,14.540277331156211,54.024258580641515,72.79423946891485,76.21022003342233,11.077626996992874,5.799000520176444,0
10.91846638711645,91,6.912498738534019,5.216086710281925,2.3880888022330176,1.0784371738389633,26.709127663741295,89.53618130720984,1.3813587941575778,12.402573393416867,30.947226056370624,54.20314772956799,70.56667211507416,18.104896464230663,22.933109226962586,1
3.9685197272469246,155,1.5743501528459385,1.9893387374718956,3.6484290975346743,5.276601093920785,82.89309814874659,47.33615042451136,5.177165844173622,39.41269260363149,35.76374195639417,56.09739688404407,87.18221705545284,44.2018463988878,22.54217344173947,1
4.916098670425109,61,14.834200891919755,4.58833012060244,2.295978159709173,5.198562569523701,14.445139951927322,86.00884219638434,0.5004742453694843,21.945393024593375,44.503671593724086,28.81330026579937,87.96295132565254,77.04127401710576,8.353497740080808,2
11.045180551440959,192,14.23172747990174,6.945059851400875,5.597548257814811,8.268682350097123,64.61791686100757,63.40909637319403,3.892994393462476,31.392402210191467,53.60583498678049,5.576840881787829,30.90289796608671,86.12974026066799,6.434272066366879,2
7.06019158049326,161,8.736549997576827,4.823776780815446,3.9510832750155482,3.246215642545777,98.38946637761669,57.139835723276526,2.7412617992859385,43.37112343673817,44.3427892797803,20.571201230974125,64.64673809525726,74.02975793217999,64.83282980729528,2
9.294338468888755,49,9.194247429228946,3.4272272256056295,1.9228549118264133,0.6466520682911332,68.70545832536334,27.76191471167835,3.308130737476536,14.86507765256376,44.08166714356506,40.10970819069414,97.91843864399526,94.76045297066825,61.18204219649549,2
7.702820338719544,76,4.018464762197098,0.5852623317687725,4.149717741995188,4.615314452736874,7.92334890069597,88.14620994298502,3.030824112099652,34.73158097367802,20.18448739539906,32.660628885414226,27.674009006879704,4.583537405054109,92.72417438391786,0
8.3611116945997,50,13.255651484278488,1.5667345165241495,7.1325445776473,5.462113218799039,90.7849501962525,59.5329525889797,1.1567983594891105,2.9788572253050214,86.1719568064702,43.13938750145403,48.977530175951486,61.23361616919532,83.10223972489415,1
4.643524560905668,68,8.378720583560321,4.397521448965052,6.380686045430412,1.2726634006044923,64.30796776895961,15.487392439745395,1.61994224862908,6.476995538395712,63.6055591964723,59.32008896161378,89.64547191156728,13.93654297718378,29.285560430706376,1
4.03440664707996,86,1.314942486166859,7.717263010000731,4.090865610529204,4.744040577695652,45.63109796052035,16.462763285622657,0.5471731224819435,8.960198870140957,22.856992244977043,62.12991380161988,14.586406661973458,88.57409761685778,14.779532153229693,1
4.886169645270986,40,11.181827338024767,2.95166542242377,2.450242304507192,1.7612438219294229,65.96924785411186,77.2106084014438,0.8954704695635916,15.433988485517862,47.300947453258345,78.62736807759177,91.32724047272613,90.91887749178288,0.0,2
3.132136422875936,17,15.247543301001132,5.865700558338079,1.6031144246797167,7.195732486200974,87.9044330472637,27.95490827027117,6.847474274690513,19.32845025056327,46.6710002586,81.13977572054422,50.39847029424519,31.484652464156976,45.359406427270834,0
10.680300835553478,100,13.403087453255404,6.173994094551467,7.051386442057784,7.115356564584169,47.71272279152493,62.899074850251615,2.0305290005730385,22.511683301486936,62.8546373070428,81.29365046222675,88.05279333719615,80.80460230720185,69.18317340675955,2
4.474092799126198,151,5.013411731200204,1.3244060291978763,5.739302135889831,3.708884406386911,53.132148281222925,69.48655695471842,2.218476221442993,12.549247890186091,63.58052637074118,57.97337790079919,62.787541206899846,62.24590408640603,18.613290363746422,1
7.395638641351038,74,1.6105412909867778,1.942919327751814,4.662873764550176,8.220642800307553,45.24473992179535,37.34924743587975,0.9770336799816353,4.847258743235845,66.77954805421909,24.839266443576456,67.44350587314628,12.445945741595466,11.361716165724102,1
9.815731463984427,182,15.093341470580345,2.8187146648677115,7.059590238438614,8.33010054537783,7.2591426323665225,60.545104672913,5.310633011027585,31.13349294913046,71.41546904625505,92.14498338992529,76.88767488280337,59.66020697687375,31.982882095781868,1
9.730153148444993,87,15.043353418171462,6.495634253472009,1.149184241517898,1.1857091471600039,78.70701269273584,34.22069967912598,6.476585390292246,3.0174382019733716,19.095156059353446,16.920290734848706,11.243656554527627,94.74936169962083,86.07469230874281,2
6.103055715134025,190,8.892712859635616,3.74535382770054,5.523416430816132,3.1887959605927283,12.641174364183893,90.70523418943604,5.549278705759892,36.807237298925166,36.83315365040746,25.545884850099185,63.38245553068647,31.960840606537975,35.596824359127794,1
6.500701740160619,61,10.563224657407334,6.452539053327772,1.8903560368232093,5.142700348391815,39.45700102883103,83.81361250793336,4.327049223095785,41.95365748150166,11.526608087195168,35.04513405153814,90.92616376378287,3.107232957724224,55.84559078030653,1
11.94436836381776,120,7.831520922804286,7.495575121879042,1.1405040399246986,0.8126376004841328,38.68228456077291,38.04342331979753,5.711307117712976,32.545863287364284,50.0084530630737,56.42009606135426,93.919506328276,94.81841765709883,31.1094264071568,2
8.583273508279753,163,7.180433579901131,6.483198094049921,3.8317463780540786,3.3143062320387515,28.004079208673794,57.305159276027176,2.8891886072367234,27.626302242817772,47.789846849065285,67.08157578143394,95.05389429231181,41.914441240347294,22.575475001577686,2
10.053703652737768,26,2.6156162261162454,8.502262914026854,3.221664852161959,2.2938455057393625,40.25071258944184,55.050628572312455,6.030531750056744,30.25179676113121,74.62076985579412,9.663178205377093,65.06245777191813,43.50768017727799,34.29357866919598,2
10.976816676801935,196,2.2706440550886597,6.9246651975154325,7.541154152736446,8.097221856120315,61.80091103824286,91.80186063600593,5.6097800625034555,30.045548004556554,24.70629130149178,69.6877027866204,63.895676875612445,69.98553900681142,64.96002770101404,2
9.769693280408061,86,4.337528629478049,7.268157877649656,2.727040464664168,3.5573209117843523,31.138731220771177,46.52230241470832,0.11190004536860124,42.06332085085952,65.57151222704496,24.54442557891771,56.37925121028831,59.81222639157588,65.011497978803,2
3.44438312201246,112,13.516939345379473,6.917210944651094,6.556237620605619,6.506435211799105,17.251193769827644,59.97820436972535,3.4657795309308677,43.465152461340594,36.98908941785339,36.84805167240833,61.5024624011071,31.386741557326964,34.08306737903295,0
7.402792704244508,137,3.0166509711823357,7.0862140367225415,6.040850603653089,3.34832505350226,86.93675105072666,89.29652759099497,1.9258543749466608,20.348600602053537,43.608649783253526,27.82331807292281,61.92696752563394,12.397920593660926,18.741566410251785,2
2.5698886518027213,140,4.245819509103603,7.793400061381525,5.409806186456583,1.2072213915182182,97.08326498571354,28.02488409412465,0.6950071229370988,28.53440457438198,73.29724388868796,27.05969551088146,8.943968972517045,80.7720768750364,16.32890021973524,2
8.355682328921983,19,9.138933701697555,8.126014853579388,7.379123689088464,7.3504728533511186,45.858382387632055,59.038848262267045,5.938752694959646,36.52070331056941,16.29622827447463,70.77316980136499,13.26502959180814,48.43745457656184,2.739676250371083,1
11.531168995972015,184,4.069994514789771,4.311965887640132,3.3818118361744687,0.10350210198607242,32.70197123445858,23.45383362894637,0.15485282167774392,2.044640758401913,40.1648942259423,13.16606666526753,62.60574117407519,66.2125836027918,4.2639218144824085,2
6.883686675151169,136,3.2807416077103637,5.208942397798615,3.2394352506663524,0.5699033413853802,4.748207777822932,64.39991454548004,5.138128164181986,24.661684423591772,44.43644425228936,30.551265682110852,34.222127993579136,83.88744181119968,14.152956624002268,1
6.046211175111555,209,9.362406873809027,4.219615957278978,1.455389903935773,3.1608290095351634,3.6851540610053135,44.254656270960375,6.918525634880584,30.073682612161,72.98593944294686,16.262871535892348,33.03257010592077,4.6659036528109015,63.2183519421755,0
1.8763488898907132,106,6.395017719148555,7.373226992720939,2.3509441888615394,5.869945346357387,39.28819956454021,92.41088585436805,3.4259363902730264,32.83983433871601,27.53174852622166,73.31274297675017,22.98997945629219,83.782216032613,76.9279802522417,0
11.577632484456814,134,10.317621144775131,4.81007968830626,7.062256357274792,2.970316080442516,93.02420183009657,48.232734491882105,2.6615596565958994,17.85794460404009,93.37234344476074,81.7650817914898,79.49950715737025,73.66875441713618,59.22603567117578,2
2.5815281833666672,101,14.66552117421188,7.59883345280558,3.9001806367086704,0.6570276680161897,73.07085434015644,25.895011003336545,4.280247385875523,14.712710086298467,97.80305184588592,58.05107752469981,94.68255084601857,92.0012444987276,55.2177881975357,2
1.9313304797008928,188,3.095095597813028,6.903878329370482,2.8625559130875415,2.7698562833668503,34.926941887077504,81.71999687427233,5.652415010768938,9.832130362420067,82.06409239216487,58.39324131432893,63.38149429728713,24.95753569526567,86.06314819583137,0
4.083699420801854,177,14.68419162915857,9.05416519606675,1.8856740296409347,2.1578392155173636,96.8046425182061,80.66933531383313,1.757738757049424,25.986068609265434,36.37470012879048,74.88075290833275,92.92405029139725,33.307699696604246,77.79526070440062,2
2.1880695561430157,192,14.517847504828364,2.6667345886916314,3.982689951900197,0.14552631847286285,42.87579032557307,70.58876956342274,1.8298398611594,41.53004758684123,68.4202655584112,29.301054416077378,87.20122655546604,65.17900180557685,14.306568367035117,1
6.2787373453235045,113,13.402131266705723,6.093503969663211,5.789989889623325,4.592336070715375,27.67927439746457,74.90494415073825,4.289528297199243,40.52706048113407,17.317026789418108,16.0876874228601,25.267208994271904,90.02454093415592,13.94627208902823,2
6.91892191319968,169,10.395545943052495,6.676558574029241,2.436197798565188,1.079825683851163,42.63532447243572,36.17721741515255,6.585170763894706,17.478534867780773,86.67257978217293,50.505850197104195,19.277908809449038,96.31091997624273,15.786712542318174,1
4.781984464800131,84,10.226229193476321,7.792760610934225,6.110188862338703,2.5149688258919953,21.154322698383275,66.3642800338225,2.159235832735468,13.087771017342714,55.40737267090409,33.22425073168646,24.67757105416104,42.173339155054016,83.8494575864003,0
2.0350850670363037,104,10.516032431034825,8.504423380919809,5.112344642854364,5.485994573868282,88.56387702007957,18.04158969643149,2.6996071762801903,35.91813437484341,25.526646636141145,38.269553695302136,13.947472699498462,53.68758951774993,12.007711773978208,1
2.67180386661688,163,11.29553237851076,5.136496942081507,6.3429879878096935,6.190971786113008,36.11733104176903,30.751211511202765,6.953999780075998,33.174140784500096,38.812657241429825,47.094114631607134,59.20776252978715,19.031794715690765,25.97601045061041,0
5.537295968894245,30,1.0505294490615866,5.59646671861749,2.157095105224316,2.3130272655905895,65.79689644943214,89.58235580424693,1.315932939924959,23.729612738912166,80.46536151494178,30.935537965740618,31.28645398389335,68.23368452042824,48.690665426058935,1
2.1355487336786294,153,15.363007203241876,1.966266782751441,5.122019528917754,2.865226836947966,38.90471988271636,74.13882376661269,0.631080361789598,18.728301160170872,86.57995553358009,49.14018509015882,89.90125261188297,81.71281975193395,45.8686713723975,1
8.830992118904092,18,9.701177174276813,9.06462933429734,1.3991351800129668,2.174037600270708,90.17314179639625,33.45380327914063,4.169311148276182,7.323309861042524,55.73477805022927,32.12490339821844,62.04692291013292,78.07303536977548,49.23468919295942,2
3.673715686010526,128,12.67828075891681,3.013971007758954,3.0376164608841667,8.137864242656013,64.23807517156301,23.910647161543046,0.26744222010926766,35.76095933096617,52.26741202733924,14.105832925445686,38.44378168649202,35.50924620707371,71.21603745544444,0
4.671751472228204,108,6.53468395373272,6.508968772159027,5.85000873977385,1.700365706694184,48.82518902812995,90.91355558948013,1.3449892957962768,28.55097107401299,76.06465769668682,79.12620347017895,96.57157877268749,93.54681747711032,40.78458933039358,2
5.638320660370024,106,0.9884376515200985,6.571780694815843,5.1270134075235,1.6387170705228808,13.21429691813385,23.975013284810622,4.39324334676423,18.205912228734718,82.70468678163283,71.09143079080734,93.64708811794394,14.312579181574948,67.29085229659283,0
5.8744011472260524,111,8.547966830121949,4.848285814422996,1.6653136576326713,3.8382964849848693,90.19166628522044,35.565603843779854,4.650635564770197,41.50788297087238,77.3065194908322,3.997969189351494,77.41121688375563,49.43318141903902,0.0,2
1.5174374305854057,110,8.50928981360212,2.533974003810038,6.895072842321727,1.690173417284781,54.68168682717709,29.610719439956572,3.6219342225685764,30.36592637571007,43.829668420610275,15.861203405170091,78.62658181588604,55.1321302381519,70.7310024542339,1
2.6767388954863245,94,7.4422371823340665,1.9918611974815101,0.6161376622924186,1.4163510327991085,28.50529729614175,15.597105632941437,2.747861518982745,41.95727127428109,66.4894670216201,18.449853501715314,95.88612223177755,53.432302563043535,42.61079195054137,1
10.55902791927922,103,5.963699223263566,8.095416055665961,4.842682370429866,0.9053881166891181,87.79268918167041,40.13078192784352,4.075763332510753,22.399735794604688,85.44767192784164,6.07788413266543,60.84242870551631,74.24173328982074,14.781091457089657,2
1.5129471563750354,125,4.5973565347077745,4.211192843665438,7.873799901806529,5.477438484109295,5.44404273944078,92.93430972790101,4.5393616959293475,21.548566434748988,23.354935796172924,19.03066555645493,86.84184598786247,60.30307985286166,80.29858427108636,0
6.835757236035189,163,8.818682092357179,1.2517898423637073,4.345736908373439,5.241490941175926,31.407691732957165,42.352264464748515,5.6440261194123895,42.30128948350542,44.15602829011676,23.015092956431477,11.028978173899134,10.250166729652417,90.41007138547933,0
6.639771068325685,122,6.50422772334111,6.516013596509827,6.445240195683482,5.561368291774917,53.682840120214756,55.344390357421894,5.569980714647947,43.27103141447193,14.982461781023293,76.78390648874966,56.52781430925197,19.90605542305415,73.47749483998982,0
4.997488690611697,140,15.542964622357092,2.552091387620344,4.842411590874996,6.595720067278928,33.981433604329304,74.67486271374251,4.68712528205314,43.31299471179211,45.981201140491194,78.3063342077559,51.73401957055419,53.030467941579744,80.46631708935308,0
6.0289337115377215,178,3.4284950780573578,7.690946488462346,6.308088856399342,2.841407307457637,47.673425537885784,59.086408166337286,6.270204824276413,37.21258793802004,77.9608233848411,72.37340936204424,8.508319186538957,68.28747449996138,39.007682603636496,0
9.696101944029135,207,5.658916627931721,2.915659862900182,5.31363425577124,7.814759362340141,26.431625233098387,74.48732059298453,5.8823742498083895,21.88346422744656,27.338503021451697,61.79158000540579,13.086534635144375,51.33240602779435,23.830276903485835,0
10.332638915257043,36,5.268199158053479,1.8642558850181867,5.590829713392724,6.25891873297755,13.008309093289716,67.93086945524122,1.0193974567037873,11.042869653569529,57.68606929894577,72.96863546180532,7.031019933569203,36.417731643403684,20.74447554626611,0
4.233659705860125,154,9.058299478786546,0.8219774981475736,1.9769269784737955,6.859552144081969,3.6854138616851717,63.68504183992118,6.701088145132036,18.487957894946614,13.219544541120788,75.7042742818758,32.343395417239506,7.806648804111264,80.4378658964122,0
4.886149630161164,58,8.389059906007049,4.361801170314413,5.986203125868758,6.156082176144374,15.76465649121419,66.97191257693962,6.25302188599365,42.34679213526491,88.99319918438592,86.29062319694212,9.976544345013705,76.87280453750046,80.0809374656986,0
4.046069956797494,53,10.584855074448951,4.994952063399206,2.05569711598178,3.111027421633519,95.29465140248118,78.93314896626009,2.314397538604923,17.632834688452895,82.16041315123972,60.53732723537156,44.35385068275455,49.73625855042033,88.24357652725337,0
6.5385657057861835,169,15.24002691272796,6.840930329036262,7.8489941461121875,2.4774728997261337,57.54031333367384,71.81531158408833,0.23927248838857226,34.53884935341211,56.1480088772618,66.91967243235231,80.58541625768133,53.646178271426706,69.38207050884839,1
8.674212755417535,28,5.135360499506784,4.4549046142141195,1.9767400894973965,3.649143384463719,48.89601252779515,78.34199365641533,4.267434032632184,41.68918709691764,72.10925564553159,73.91537533077194,62.08617218459289,47.08206518518412,52.634519001936866,1
3.8966551923659156,180,11.330127852675947,3.3541995295305234,2.046135228061719,0.915055028480211,38.43238393057086,26.647811062682507,3.125081280378078,43.72686300390147,19.144622508459584,55.028271613102106,67.66246184358702,27.942469080100185,6.052959699208488,0
4.9727252915761,165,1.180611085678791,3.1588620378769976,6.89765033977414,3.890756213153956,70.84201459833854,69.21389861684322,5.2720099718443105,42.749988315640316,84.3784356829686,21.3466672378024,7.930121901196138,28.979105685940524,18.90339912472812,0
11.26903848468608,208,4.788304785551093,2.495122555481302,2.0952897233099894,0.4623842580000147,14.125947590609334,73.96175298604265,3.719738375109496,25.867476702057864,72.94301473431588,19.756874023734348,83.07595150379565,8.96907400149912,34.100384721379726,1
2.0099775433930596,145,7.84853986554821,7.816580239153459,3.0150417892320074,0.13314606422843378,27.612986765266346,38.99731459974676,0.6277840032315328,23.150843209987425,20.557130911807086,45.36253762925499,18.595705282618137,69.51430752298168,73.05775744555474,0
6.338080855015446,185,1.2711207849132438,2.3223839240229713,5.77419325719641,7.924591091587419,65.59021196637528,84.96618622746259,1.7883431997579535,44.46854187702341,96.30065709045242,12.115476835323149,33.14653147102129,28.556050074551063,15.14823562174712,1
8.971359436766168,38,10.188575800415311,8.577283864420805,1.4382389255191532,5.8904296289383,47.90643645852279,39.37692826421603,6.189413917273054,11.381705796953193,11.982679090167307,21.38720478564584,53.06183222880494,31.064766728382104,80.59199843619841,2
3.079767121353478,188,11.110321247705965,3.7607932505613,1.4407596876545175,4.819514355354139,77.00925389590887,34.506569550119785,0.3600589004338457,10.063801252444792,65.30895590816408,4.657240352936686,91.48938908422373,96.38901137426697,52.12444790011732,2
1.9974272100575594,46,12.15032206553831,2.0542366413375444,3.9935957014796277,2.965257131153686,89.71098439566532,84.3677452384409,5.18302071884818,43.41683880307091,25.11443971319187,25.563364652723866,97.82787265873203,39.266380247474686,16.43572833294525,2
2.951156402204573,76,8.651932473613787,3.2173756361430517,2.1008346830152695,4.892519323354622,82.33725913706562,34.76158704931414,2.114410204864883,31.63537733843929,73.29467313131923,82.33585779743701,77.78744357679112,51.00553752887683,73.37390222710876,0
11.14764353207217,39,9.979958907675126,0.8193643984465127,2.0381320534384617,7.589236521241987,18.420771426073202,48.24019699454401,3.22321464099323,25.061072421320787,16.19575034925255,43.50397220297437,72.82622280665464,39.32847147155107,47.563904135629656,1
1.597227709121796,93,6.820191819433005,6.469293506132705,0.2720635870643989,5.579993125128463,9.147023552697853,44.43382640294551,3.763937480190099,7.678141092176145,17.13687769019422,33.530562533808094,54.07445675621895,30.277964644971288,63.45033661221735,0
3.477380735519194,161,1.4270460940997505,4.3863848498378015,3.0895068113439943,5.160848782809436,16.94406005450485,86.84494580466179,1.8255613654196874,24.069330707702157,51.03367316955564,45.77525699375244,66.90334243392206,3.5499693951959483,28.803523543660894,0
1.8284768854672677,67,2.3192682077725983,3.85913725728805,2.682354326023545,3.9657178249620957,78.35306916002305,51.41885906303714,4.5985270566838725,42.60150960142686,97.47283295536833,27.474606111550536,18.4314483148369,83.35931669087397,38.282539459468815,1
2.6616094094031344,175,10.755938047862255,6.609555401879138,0.44301532444802916,3.003855057467207,91.38310894927105,70.54471466369725,4.884751304875346,27.92432690399288,34.33342909981731,56.31047887117057,30.035239213460986,47.47644549136579,0.7670909963537689,1
8.01156750959711,133,15.932440553703799,6.37773596979293,5.045618790066576,5.967795756942379,92.54488677038574,78.52311237150631,0.6869104097283482,19.399030764899997,63.90247814657399,52.853559292941966,96.57178630522885,70.6696885486852,37.64196658127467,2
4.037208541760401,137,1.040209235282102,7.942491610016587,5.087910419626161,8.34023990453284,29.821578937044556,65.2322864597741,2.6800968233748024,25.69742906300052,55.63671854493272,12.498008715024056,96.10419715253506,93.11372901317962,58.455347455093296,2
7.476726529522106,198,9.275269151761018,8.870436011531181,0.7522436798345393,3.6679646255729574,84.03413780135584,90.49555986599317,5.236203378323411,40.10423874176473,84.1065256492385,43.994359883746235,35.03643270364161,3.2661459556513064,88.79412187689867,1
7.697051519044325,99,12.21533304381488,6.2281315767876375,2.672924190693734,3.3945237137192867,53.62355350220967,79.20060234048064,5.07929916290381,41.25249242881909,35.3958854780541,9.424805516707735,27.417517249155015,66.45372304336017,83.04194270901819,1
10.41907099744268,82,13.366977385810957,7.712654412916422,7.007883149564103,3.696153167866357,82.27918483482073,47.01653021398905,3.8577630729461503,19.2037911230745,58.83510550261079,58.0564815388135,26.34518095801992,14.152226179190235,8.348038923362624,2
1.5497846255746761,208,9.08711449858413,7.127869071979912,4.740903132307712,3.674569331617661,54.836484238000104,91.06494746061466,5.465955981089298,28.146623104675847,93.65486932925592,83.89825396398244,50.09238766589056,46.04871542215703,87.17174141332289,0
10.46037932309485,123,10.222722898798398,4.185548416019974,3.4134028472935056,8.42124809629536,14.589321977911817,56.96598666170673,0.8427497619749185,14.005712345361722,39.267551133573065,87.98720241790988,25.81029192057282,82.59751560379621,14.255851531375995,1
8.000750407483228,134,11.390219168173212,5.77612784696633,3.8277950420199485,6.0369373630784615,7.921955107309742,16.80618583559167,0.9156577481272574,21.39666773481449,48.667691155295934,30.80659248637734,65.31018682721458,9.720609804540016,0.0,1
3.2088066041020546,72,13.856286995340145,2.05835296959328,1.82458395659928,3.1171493733689704,95.72191492093395,35.80106237223174,4.636676172044779,11.454953381675145,88.21557167632308,61.324040873526215,11.958242455915975,96.02366757859163,72.49799105648007,0
9.615842575420482,57,2.6588009654828433,6.684490135891635,6.5326757055218385,3.22061994014447,42.58025564315789,64.73836696298133,4.884003688476389,24.853307260219733,39.25989943663229,74.01163469346164,14.641981684988085,57.59856784312613,86.61188317731322,0
10.482661188801151,48,14.877969383377923,8.18920965967595,7.329236702517547,3.7186941678500682,35.052064489731784,27.54519218595494,5.720235301715385,26.864325803480465,43.49929128777577,81.13417492972181,30.754887569029453,40.12938513821259,87.79393049791734,0
4.169766579418652,58,1.195464533983864,1.270124868368968,7.3031795295503406,0.4083823756757775,35.63030847683104,61.72544359145629,1.3491544566354738,16.526979653623243,36.76245518123745,30.845840320150277,77.30222070419383,4.833964941528008,67.80837829550282,0
11.14733364947815,53,13.510236214558185,7.235822874341312,1.9466882551999374,4.5336577769785,37.8934411475472,43.927841784602386,3.665724450074626,13.701086927461871,81.23876102860642,46.35634163208173,35.06592713090711,58.1613693471702,17.744411177595104,2
6.271803018135907,160,1.9664544837073983,8.793537769581317,2.623774088656364,6.915599992791223,94.49968278943382,57.75083840466192,4.659735950235518,8.494101085152433,91.87405339852462,18.264918363727595,48.785960752398196,49.519703616705506,10.540798112548556,2
7.835956770499876,26,3.758348816394818,1.9746786518007369,1.452857643514387,5.648769462943089,6.270458740317586,15.14998782986023,1.643527059420204,8.00037764686487,65.5367014986877,16.014411550078073,66.06585027885387,23.23979820421395,0.0,1
11.838820102985258,137,0.8591910249932158,4.412694184447928,2.596168842332043,1.7667351127969495,11.906128738229915,82.87370837349587,3.6668022725985363,32.59282797570706,64.87945155084941,67.79306751467465,78.33421274348657,49.10206815722507,45.02296613632587,1
5.296128825711593,200,7.567901924147818,8.535592102832197,2.7958819025562827,6.215487627578307,78.96515154818492,43.95403902204227,4.505270668295112,11.530434153626244,44.32031853475941,38.177056037421494,33.561138973892696,4.202190818160723,44.270564367862136,1
10.038173131111185,164,5.882260246104362,8.454958723607641,5.138224749104157,6.143452293189054,54.94094913401387,26.212674742236246,1.5797016291959944,7.073011907582101,11.098569962291707,26.80314922533387,72.98015523827266,96.95089571870662,2.0269476416934733,2
4.843190737198826,93,3.323092254602815,1.2902222975286322,1.679241776075372,2.3053294114515754,12.8536757960952,50.0332685604064,2.691387530725976,44.95148265986442,25.30650869647445,83.25303949849256,31.604268604673933,34.21875746956908,42.540153687614044,0
9.891741983535656,26,7.656570444219375,2.9053775733777307,7.3712960100683995,5.332147117598255,3.446013677833637,53.89418347910673,1.5927377899363853,13.176409581229452,22.97457520394063,55.590130929820454,64.93535737809432,48.14088191775184,46.07272959165032,1
7.807706148057746,177,6.916037424217194,5.929270752682686,1.0041758666654177,5.231971878224264,22.42343482792274,65.99221683969512,6.330306040557331,40.530077563409684,20.19761624754723,93.96883763617737,46.93185309390631,76.76914779673822,63.787048289573214,0
3.771734799866715,15,12.46844769702087,2.215447177943229,0.25364848606779783,7.154216040391925,26.081073771027107,56.964995228182374,1.7339122853169433,28.19499601133245,67.55616381269878,76.67572783256993,91.17638719960603,70.00116429778123,27.10862431717904,0
5.847273984786982,147,14.375580652264492,2.6855862076168973,6.8685720033181585,1.2430074194009066,1.4213029574641989,18.48188656536501,0.9337589193019992,32.74801717269305,21.998707808894192,86.91712110488707,96.33468491856483,86.5245498259975,17.266534292953228,1
4.835174160817397,145,10.719022226859645,0.5865261277091476,5.689404500575188,1.7366434378967912,21.609053833719337,84.72098576622118,0.34257164953729147,26.11951319448432,17.535787823231292,75.72912803681166,76.99344901519717,91.4846192654558,53.049344605598584,0
2.320138127343821,52,2.691037908643163,2.3464677910898306,2.9718069887767884,4.182143831649563,73.83189369523997,51.5207145429569,0.4101789596383162,9.774881387578663,43.66717257744352,11.978663621663202,90.13818321483916,20.782716110838443,52.40792582456467,1
1.8132650860468236,159,5.289940079589729,5.740010171391981,4.844897706098921,0.4708192506953791,85.54336896370037,21.159021802640716,1.421945021271037,38.42321757246191,31.913994341175073,6.710468020062605,17.69489450824977,39.697585545222815,26.96477475880818,1
5.1380258817754,49,14.682438111850653,6.516941685480648,1.9436439865460202,3.5909912598543356,89.82358297697178,76.8262589223348,4.296638728017971,37.602828958931724,22.83572801595764,76.57976485068498,65.86514805195606,67.56079724446478,0.0,2
1.6998585520836091,59,2.148764293719915,5.772283111358072,1.5134392594339325,6.721039952797676,38.99140326435434,67.81235350264546,0.22178413412674633,17.0364750100615,22.859253049153985,20.23174208500688,23.448218566233965,7.232281890458977,88.7285436441322,0
3.2376214546086377,173,6.984208758740562,6.696226935412892,3.874963254082038,1.3492009094655852,31.941372590355765,66.95502182153774,2.0785330808243154,34.84557994569295,32.54610219688339,42.36115089150668,30.758070962437692,70.392821180854,69.70518302746424,0
9.114424868934123,205,15.126070212348916,4.780528356027496,2.954865071823495,3.9635693902668088,99.98608482078876,49.15312013884488,0.5013515501307654,25.350731108810397,57.24277917709164,49.62484038781606,53.62256143305342,3.4590433601172874,14.050642047142302,2
8.934957974677673,66,15.250105590336183,3.3376532895953526,4.998794394175278,8.414061560412534,76.93404509215888,47.83976500967907,2.885245515064257,41.08911304408278,76.71241280803011,20.278115827120214,74.00481602109191,88.92431676914818,44.286038658632904,2
9.255094057802518,194,7.050288291143164,0.9753804436065235,1.9015636395760456,4.349728112768861,53.735208090755435,57.90709091098742,0.4351794910260175,36.52144796607062,85.04434460618828,25.101025333224605,72.09894890017944,70.50792827571067,47.352309550842165,2
4.830108296864777,193,10.94443269910172,2.089055631579012,5.370836064372826,4.28592012262556,25.477143268939663,19.04755303192826,4.2920382586837125,3.762818101487324,76.12477077701881,49.621688487153904,85.85971880200502,56.15692221170838,1.2621933912372647,1
10.845204299735803,165,7.742533094980784,3.017691350435241,6.181519858361943,4.793866103283012,32.13054528851047,38.916621137433665,4.850127432081205,39.80886680422411,65.28276685396702,39.81340534501228,57.0125612477726,43.316691396315164,12.561848097979846,2
7.7352207542987,42,12.252600199432395,2.22934425455682,1.4997619156221003,1.6624367107950262,51.53643488293872,94.03153388498988,5.146229092541968,43.64835597307506,89.87096282171453,62.90995078137356,91.14986676523039,95.87432824336267,77.56673001339081,2
2.8232765883395787,73,1.2800362265335774,1.0180574125302086,0.5420946106597446,1.336176614561932,54.208291979075064,67.97539913024607,1.6479694506591602,33.91271671287946,55.73683864061405,12.557997511560071,87.57363939889036,72.23210293579038,36.481754890143215,1
3.009045945283108,147,2.9911886636046487,1.3629862104381627,3.628781527350442,5.789778884566911,1.367864427367782,48.51473323338577,6.092651117536029,7.156281826423925,65.73540199512485,55.348111258280184,83.9623465216856,78.88553800630585,7.6909040296898645,0
8.777501982761866,209,10.135821813862709,6.7053465925638855,6.237387870741009,3.42444120320847,95.94000852714744,32.789048235236244,4.8629883545833925,36.717163262996166,46.22260842920442,14.11317180604432,26.345370025804485,80.58618908207096,74.43228552609798,2
3.3159113326418197,173,4.334794389134567,5.879573536425696,5.276082717478313,2.5352156770099965,57.56062473515635,74.61674895201867,0.49088651316876075,29.842028832814194,38.809809677505655,56.14847578943707,54.424663366409284,5.056243729053356,38.966877729659295,0
6.826573366611455,96,10.923994948891059,8.316722293417321,5.674677419233812,0.36368960732713973,58.91582444091333,35.82322477649531,3.1412902900398474,16.56953165344515,39.1906365925903,15.219171305562346,73.47000352505266,8.140332195852423,51.147723109851036,2
11.913631997251462,60,6.138588497411734,6.701589089294091,3.3421468519482738,7.206824176299253,21.14711337538192,27.989608307703627,5.39751980427012,40.013313701284666,23.051920790681763,28.01990678188023,95.77753322954686,21.646308657690962,15.427686647069404,2
1.5420798497000647,202,14.277012483542885,5.6562553733671574,2.032575252973945,0.37156247309659507,76.49871788012479,27.361192018742983,2.2451680943695855,26.31936760348643,80.10059325929892,69.48299071517505,6.083196457551256,64.59045403218411,9.290105775474863,0
1.6740879199243477,68,13.252742660511794,2.218865473324949,4.347874977619954,6.399858242299882,73.72645200918427,73.3410623331786,2.7327555399601273,38.67590103383429,14.872391421351853,22.722627851685665,35.421651656894184,61.6512244427449,13.963915493215161,1
11.927388110270318,81,8.291134561045489,4.689388532275409,1.7940524112437357,3.3087038955880805,9.515797340476407,66.4248203430974,4.444266408346145,30.814891189122438,69.37230145127776,74.6538955454113,36.83857349048391,33.56537415153622,88.8614887642895,0
7.638707758408738,203,12.548005323841839,1.4195931023859165,5.864583836483513,5.128977608239061,59.499437225992025,20.58448794969845,0.4828180727996949,14.406192459311912,86.07249696965916,28.144294117961127,31.83371498971268,94.46188373839922,57.26365583387575,1
2.832554742944388,124,4.921295870773373,4.425461933007569,1.7363383564839208,2.1804952057973637,65.81937453298798,24.2034252289762,6.77185177950463,43.92580392202457,53.77369453471231,23.976183009129905,81.0204598779539,11.752024360043732,67.70724068938802,1
10.921673097417983,66,8.312748607540312,4.352838613086273,2.4718534803718635,1.4053571963494145,83.55681745738774,65.70774938828617,1.3039189732071224,26.553238561401017,16.177668802056417,26.460756185963156,9.191643607836578,76.01169154052818,5.346823037504602,2
10.743993151340767,16,3.801727188321828,3.7682567444520343,4.151049270919442,4.580459207013559,20.609117891771067,60.68928814977272,0.28403679755919625,24.220475398537733,47.7007366240464,84.81989584440475,38.42743175078709,48.20244925041289,69.27107489221447,0
7.13010433766944,98,13.885469761519106,3.5393134708477874,3.996337486319261,5.943188637614806,87.76347968064059,69.87992482974508,0.13672857607889977,19.350914014889963,40.20394105364679,33.922592976045934,71.18666856967127,42.370414797417645,37.28694184585251,2
8.028816313537945,207,13.310627771839906,6.164134036618841,4.886625135974829,1.7421436775392312,46.148107170759566,29.243112669060956,2.856925187495831,7.862800732340556,96.72746009834991,27.848426833048283,42.826793876949466,5.403109360320456,59.16480965117045,1
4.368465510759202,99,14.512674959816819,6.878594358688261,3.6120678838993525,3.7654151584335396,9.65236193056448,73.12703249737336,6.201348221780106,31.507153841554953,70.8313377424671,57.99669840795347,18.39791328337919,71.41316631230077,35.001444360683806,0
2.030456811906054,151,14.137650114608743,6.319153951647149,7.371891806378713,3.835101750447724,10.562122151087594,89.88771738644398,5.75635834660371,20.524365514250004,73.47966282494495,45.318297633992245,61.809279966595135,75.5280980120956,51.61513050016968,0
7.742959893354076,64,15.38586318330432,5.336167791890392,6.751485934738068,1.9142248522674878,19.780445367316958,63.084025162835296,6.393116007922895,42.18833794529261,55.39276886867633,77.42152288227733,53.60275198460655,32.982004698135825,0.0,1
4.594929528629011,166,4.270710720805274,4.748774903110236,7.05708491964578,4.8464153485179,28.27507059853085,30.69040157142271,3.7830980033694033,43.49917825061262,72.42845439090449,92.68297502421636,96.31101175877579,51.59450983600949,0.0,1
8.468020989933695,166,14.963729220088796,1.0405331483071594,5.110229256946813,1.3258597689662857,49.640580445979964,69.36350842272853,3.196349013738634,35.00855678004789,73.58624595155081,50.7631858699074,74.61293837827246,60.00555958407706,65.86145721308971,1
10.280574356847312,133,9.482440508550365,6.859430266508561,5.15306174371429,4.3818930558760725,74.875119774456,42.44653468368515,2.7624407351368823,12.427274839209014,15.839581505657227,40.51513934127354,96.71436686964861,37.55865282918027,0.0,2
1.6906857111008227,165,7.221925275555912,4.666781485497334,4.9517497329844,1.0528246954743958,18.67259020194323,18.943019710857712,0.4202847229600104,32.787126274570554,29.589374153999792,40.48432362774159,22.33079562378816,60.86470857897999,2.2809627042288314,0
7.754994634200138,127,9.31768321871167,3.628566812544057,3.5920964044873585,4.178556234383154,99.26517944995365,39.18709562819988,6.37569666850556,2.8781352914973866,11.141144877741972,79.90468606642885,75.82833586284492,43.80794358517428,76.20935308089668,1
3.9284456667119487,88,6.007555821084223,2.916082811420627,2.7124268083246483,2.717432060954678,16.15219317703126,87.44680815601056,3.5236150367646197,37.535221620760886,54.86305172171433,52.528161000063605,56.30235443209225,85.53856641656776,19.560030137372372,0
10.675829227989915,158,5.186005705806472,8.330422767921963,4.817622522101188,3.898868853484894,59.937796772214746,47.89114561407801,3.2399652742554204,23.225598384892752,87.07038722557033,20.18369189113774,71.26338342571323,70.54024330891775,46.33413216994038,2
4.163477318899199,177,4.467977937258437,6.332978346645969,0.39914832967991243,3.743494619322663,92.894043587134,84.17322704248738,3.6546556603974096,42.27980494506301,63.6407990531889,80.58187317298668,48.48228601323371,13.386998415495404,74.29246677769888,0
7.913086398971892,179,2.0529054397483275,5.025218625822031,0.2581601651056637,7.72663823167618,83.25074228768271,55.69274748182333,5.579666174987983,18.243681777016498,54.01826244707843,81.43309769191738,24.752346233301278,78.16269926392214,69.91393606457063,1
7.31217882094092,56,8.347786436637248,5.912326626024845,6.842806245114639,4.215459039634287,64.78892016631599,56.358239116768004,1.6488504932796912,13.316464992805304,91.48499458973632,40.7989521172008,9.25350970225658,34.72552935113083,7.670755589010614,1
5.659748250622114,146,14.29397747085109,4.370254562893948,0.562107549265453,6.975390792565745,71.54929967908986,15.417305685191547,4.998314685064971,44.78742256650969,25.155228969914344,32.45155113308107,82.96080793138263,90.9434316710088,42.23528375222355,2
8.615018017797837,15,10.378309932970646,4.0023278356913385,4.293402172600661,1.9954801004584082,13.420562670536428,65.96832586311777,5.004311211892826,24.819148475019237,16.56517911787634,69.3290180478709,80.77717641855932,59.716900299137016,40.84730988453521,1
9.120581164512057,126,8.718829617887758,2.4069714032549436,4.996904551007232,3.0574954749277743,0.966305376024823,23.62510760243362,5.961914197581462,39.116849323648836,90.72290480405516,83.64609399504164,20.11619524212928,5.592328300234865,33.93654142998971,0
7.452846850853562,126,7.31461235741393,4.1826493727785135,1.7457355910549976,0.7307507973188038,43.41487843603728,53.29987317456435,0.1599168294007031,41.17545805290337,89.44479443285557,49.43178642976682,65.00182365757718,72.03009427949961,63.3810290088928,1
9.463433490439918,85,7.858904720021317,5.6415051331331165,7.186700538468157,3.6342814765005467,8.951892633830305,35.825348452647916,1.2757292483224114,24.294154649601204,70.10157878673955,41.02517543598893,73.609234149491,15.289030683278362,81.40286404481495,1
11.825879297925844,208,3.981015683093654,0.9163947948610609,1.6827470196373249,5.71707905142942,35.77525619128244,46.39063726634519,3.350223279108813,21.59569879732507,31.646166264452575,34.291661911024924,56.859124570450724,85.4631433979842,8.45371639335887,2
5.902360072958453,187,13.308625333335078,6.6939564286372555,7.099216901460062,7.140603086518928,22.37427935697376,57.96618845334407,5.968728673484201,25.774096055211057,95.33923417398462,38.5278096616809,34.50228798793779,92.1430489103958,12.295420510396879,1
6.903122044798074,22,3.815421041879226,3.6184237841374114,6.151324100797674,4.853685259112903,91.63467223807427,16.157129168157827,6.75930634523309,38.452798623900804,77.35047895873674,10.13518647206815,86.92796890327884,68.35405018475814,57.68341540727063,2
1.630933718382739,55,11.692665902255158,6.724300766728028,2.0777950374887126,5.476610424581859,88.00559990080575,37.76668666172982,4.204593441287869,43.48038995883439,69.3027233554509,65.5446002333534,64.74697929135306,53.09004101129873,35.606269873020324,1
9.858299841258972,55,12.35177217474152,6.324049973915885,1.3758044969535297,1.5890434519823646,81.89428485310084,94.16895474334919,1.5637244304188391,16.117850702897798,29.616196513359405,10.608583095592188,71.98022861728809,59.59392273630012,65.99891939280172,2
6.962415703982935,190,9.538009438821561,6.255283605995895,2.666615139452634,0.41253072116089073,71.39442984139876,19.591930065644767,1.3736344011900552,33.76110643115341,55.151847103714175,36.636994304885974,65.64665124371687,43.31238609241764,6.30382047330853,2
5.783595018785935,116,13.916480899313393,5.1199191391664804,3.3040144169081427,6.750180419489454,15.407192910402701,40.55147905258947,4.512163282505245,14.271102523468256,82.38670923413598,81.83514611702736,72.07984645741318,10.856781509371473,0.0,0
2.487755612438656,157,5.22396535724988,7.744618917428138,2.117120476691603,1.5031209425068057,4.8367426199151575,40.713717997171855,1.549477114709892,28.27098077725473,85.70289977644117,47.766910523241265,18.491244478903297,90.31128889042576,66.57944495500003,0
10.841392427591671,172,14.200581762891522,5.031361886290157,7.991354080284501,0.8658240984751203,65.38878578546925,45.350873674621006,3.916303225054115,36.605952293385634,59.405850190511586,29.003023502178966,90.80127904295215,33.943534266917574,81.16389769700088,2
5.647576020425842,164,11.887038985909424,6.784482404616416,1.991288222668732,7.9755234956154,64.22581371750992,69.78247347538763,5.860202311092925,40.11891196043561,56.00585824729525,83.42892888086959,31.58040421014065,32.407690727837874,8.131760799674836,0
8.667106781196814,32,12.940997381978763,6.190243715409436,6.678951650466284,8.193579458097084,36.9424284754481,34.819503894637165,2.7897555743884217,21.29479592400761,71.39617689107237,19.592342987168188,82.79926374178608,20.984528928285417,70.47955624537221,2
3.068428641865583,42,10.901611584815175,2.628275193508646,1.4411184273056876,5.276561249460955,47.26866664355971,51.821547530884224,2.7114581092193117,17.899494350333335,56.48589829949761,80.87988726814181,88.08473098101301,96.28637539043945,24.976694315345224,1
11.596271110180842,92,13.664413858247535,3.0229252731091076,7.84590807715239,3.2805530905732647,48.914938823798934,66.58908534819594,0.349368324548409,12.898419316468177,46.75593134977816,12.325984083346953,65.56379541938384,91.6010571043474,0.0,2
3.3736384991292248,80,15.895102713308066,3.785634461285155,1.9590829746080618,7.099212144098036,23.992813274650636,40.78576466628709,1.853183591129429,7.736938327982066,17.516873005346206,45.48409114281921,60.6419708742533,35.84664276625325,41.51647198895701,0
3.595190925444649,160,7.1864753887745065,2.733646907329973,3.4891707273120196,1.8196476584174646,31.41666119075859,90.90180644026037,4.9175210713729935,17.691455451677985,21.09237146297105,62.40618181580159,15.141483638957036,27.440505808821477,28.207974207595985,0
10.519320035855994,45,13.171518392385469,3.583015858075584,4.55679972078967,3.706895550409328,41.83895546635016,93.3738107954145,2.5866995914121556,39.49504560415743,76.90424120165873,39.01895300914349,45.56857402540543,78.70473579014185,61.28414883680378,2
11.082118813490277,87,12.11761234467411,4.033039491909843,1.1382285782175279,3.0989453116050547,60.31790299115898,24.57388541500089,1.1922625293004616,20.008809197057445,12.170437686935589,49.72146846121561,61.882927772277185,42.725344718437114,20.62932088745366,2
3.7275477789946647,61,7.683626518822673,6.208676919837266,6.5711965263369905,7.766679922230126,95.58192060173924,42.50559075206481,0.829797362946257,15.643606129882548,14.602842270189562,16.639031030457843,12.613842340897866,93.97207670828541,47.527619857911674,2
6.432909325835693,51,14.889624795934182,2.591009790933643,2.342547154910473,7.826130289043099,53.848460951903995,31.637765584518025,0.7558683092398915,33.782686517215836,89.60863487160475,53.61411119744281,15.36596706741159,87.71437258327751,20.88669430287551,1
9.201696497909714,48,6.795274129503439,7.477535213786312,4.484305232492978,5.567441781118798,73.11639095432015,29.943167644569215,4.648020688513476,11.270132279915366,71.95174598401226,14.469750949945544,97.39375672497043,74.3884261724581,64.48258728755644,2
10.722840205013418,53,9.395081927398811,4.686338761848662,4.487143723407326,1.0302171782906118,80.70011023955533,54.27838706706236,4.327088203675486,13.020332506970345,10.370719528444859,68.16397659710599,35.89777603952129,11.452883270750485,84.60352626662021,0
5.480053297891705,125,2.4103238262626157,5.838239852129624,4.900597088141123,4.15041943312974,11.35081213085536,60.10616865079031,3.6777949386543862,42.244071878547004,37.4598169432288,61.638432874759914,37.52512131807824,69.00000723621703,35.75570330487705,0
6.928704611919007,94,4.231782949807246,1.6577701363779784,0.6327906948896546,2.1607582762820767,65.3124667553941,49.05216324780794,3.552252492298062,5.508356782540319,77.17202453240793,44.550370849101704,28.392211005789957,95.80191236492232,41.63524504778018,1
9.288022310457217,99,13.578581792113162,4.487681621938693,1.5152263422862293,7.533291570749648,48.21107202544245,36.804389847788855,1.156644283546314,19.8291407504672,46.748870397998495,11.823572530074957,65.07983856296775,38.089498100474074,84.67521066733828,2
9.17692775485435,108,6.827601386998479,1.1243376233479427,1.4572994948022406,1.262583511736096,57.24309422478922,37.28972594029117,3.5541691508446025,26.800301272976586,51.25420841151383,47.32237480512167,48.9960574730321,85.86748628663554,9.39744899024792,2
9.721081365273891,159,6.790078159111924,5.493472645419624,2.5559998234436447,0.5562063172299418,3.841693576904459,94.37025250725847,0.5135706585426214,11.90121077142804,50.37431737205287,61.16159174767823,78.5100790357359,41.36533289854217,66.06980063044112,1
7.484305095736027,183,4.538911476497428,4.0840116394431885,1.3303304234950508,6.017203881820657,90.62157365473851,88.89418991922004,6.488423364358546,14.083536822092947,27.787827486795578,22.550951828036492,52.662019362588175,94.30445606668188,48.277746858806566,2
2.5984585164501395,117,8.272477081321307,8.932995040841675,7.390986302039459,3.9076030297324844,95.27841495754501,21.071907279148576,0.5003901226179872,11.539350684192572,73.48244653504696,55.99545190217522,6.433686166385561,64.43758892923034,85.75023763414008,0
10.99171955421942,140,13.048417812529461,2.66545598850967,4.2010447139881455,7.142265055865909,0.3481923684611754,67.52405215969006,3.022358344768038,16.842979598607588,19.06455708588053,21.31579656426842,49.889927300391996,12.071045393896519,23.215667754832253,1
10.588511662870795,159,14.406494590160841,4.851974823198157,5.063886152080938,0.7268889018222188,21.27915920415109,51.55020859878754,0.10394028918188841,40.635747468373275,54.638097288107055,28.91652828756097,10.132418025314035,48.03029944669458,30.718855613935396,1
9.880023076092497,149,1.865739367071595,2.385633691179986,2.9884077681053425,6.829039513905877,18.019417370894995,70.10512777593296,5.524438027604387,20.5582559025816,24.956112816423836,73.33342015856833,81.89113338477274,7.67450281938547,20.560851159893758,0
2.5485560101876596,41,9.537275114849756,6.09271609287578,2.3547199000645103,0.41361192389092993,78.13045172798513,62.756856443244274,1.2465743008958474,19.966647710507566,14.094887242789728,14.718571894382384,15.57020190357716,40.137118026494164,3.744054313390964,1
3.6461723543550066,206,7.902555191963485,4.626946648809102,4.124781927811261,0.3357881000772386,59.80800591118203,86.1401920065934,6.481920522969578,18.62297784749874,22.60546183135081,25.811271082888013,25.176723391820868,89.04583412926164,16.268229403731663,1
9.307803833630345,47,10.137084127167991,3.2762303945099243,2.4957192037117024,3.9750523145406493,17.733366329673174,20.359065143106,0.4034464602378952,43.45697625831569,86.50147439543328,66.18365526331618,47.77676757991908,24.827006281248075,88.8967394597583,0
1.7429709931104376,95,7.59859044100569,2.848705195179826,2.8804382206921613,1.9588468333174753,81.39709553188604,42.96783296461644,5.763432608494545,7.0438757574520725,25.500994500680584,62.47032613122055,23.15211715223855,92.35337113968203,23.98483627450279,0
11.781858653926436,142,6.8594012769719095,1.4758834379025447,3.731456819312686,5.087237138854857,35.347487180574845,93.83953006204678,4.630800908427559,39.49064310039276,34.496490393086845,13.618010184852883,55.14745629832394,12.392766195703203,0.0,2
5.460019143734648,93,7.972586828928238,1.6922447850680622,4.144722760037973,0.31686275137635167,46.085687629310236,29.58282791924934,1.8231764603126448,16.067925912302947,22.15234136339575,18.133211279244215,47.84495347354359,65.4922854249721,22.29215758034225,1
9.052781603753647,62,9.646386757097495,8.534645385742774,7.877649291898342,0.39727215584901965,38.73066053206454,25.186675160531777,1.4966953036911048,43.129998443330194,74.72796894588276,45.830888799860475,93.58460281530786,93.77444227814712,26.135057115811147,2
10.819496429124454,195,8.414944807683007,4.087187031189876,1.941916187663136,6.2080473678443,52.13802064412295,73.31776048004603,2.5679777403014543,15.55477158847733,49.19952671857213,55.85989711801262,13.21874138918907,64.49043593092559,53.56484352320764,1
5.643613825575864,28,7.9765956555138215,0.7874441485595972,4.006214086084648,1.865387364935418,48.014246882872534,77.19481280139708,5.815979893909949,5.56359762002178,93.03988340076624,44.98156294942609,58.63608048897519,87.5063716529966,0.8221453594691237,1
4.850891130296493,62,13.231096711362827,8.012555049672933,1.3661915680168437,5.613903838750162,27.458400266244265,68.78188381397281,6.047500183514643,24.361801027158183,68.4605632378154,64.31346536077682,71.99716369689048,96.156864616705,65.55040006710296,1
7.89178185343159,208,12.133849466815438,0.8522198539068963,2.9299940151221864,6.399346156606372,42.45560374938403,77.09566630079402,1.309469118717848,11.798219910326145,56.762251402835915,70.95451464142116,16.86931184219464,63.33328298799162,78.73514181073132,0
7.6003884243545325,157,5.988953111554131,4.678502401676837,5.795023605909954,0.5983817920897265,90.83371498543002,70.49772576745377,2.538791473821882,34.37856206535516,67.78352198327877,79.27874494548709,64.19097788143834,76.53280164531706,13.269557816409327,2
5.79596976506037,31,12.96877218623287,6.472124720239124,1.5608047213324816,6.56593321749961,50.289413647924505,25.86165458313414,1.738690548925552,30.26414158810204,13.557433722450446,35.99379300607619,85.37423203779383,6.0066082152952855,63.885529739050114,1
7.8186349366109384,162,13.775490168868403,8.608275005128242,4.734540198890337,2.354738230874803,91.63864104223755,63.657751798280565,0.9462356487014956,31.5181737906622,93.65810289132476,13.875513219112676,78.24267483881852,43.16717558079014,24.529020921049533,2
11.321504380448195,204,3.1330815216876955,6.501979569258749,3.4502679838304564,3.3721860488778854,55.012704781796465,77.1501346047626,4.560500773949603,10.320048010257375,94.16580571671783,28.11693959083349,91.97087420990239,30.09694322946174,27.794489185302567,2
6.410222694579263,34,9.656773418307534,4.838987674279915,0.6023204463548892,0.8277692152806602,76.88172932641588,84.24132850595743,2.4865100603251937,32.47110139006104,34.30030843288661,14.996572247072116,72.01446979690787,80.47342139573273,79.12150308776012,2
3.5657928978816287,95,5.136742302708049,8.209119941498015,7.477986883531868,7.144491860264763,29.359130965971293,34.698819414696615,1.6551499089567057,15.387234160154504,65.29000248139576,43.02492732919663,41.640775159525525,66.69233318264274,80.451768830567,0
5.460662820271541,106,12.035419293286184,1.5172020120250074,3.426104494284514,4.810121805136417,79.04134900444079,25.194460875083085,6.075384637163636,44.94298320658306,27.768541484308965,74.77646722911942,90.60197876694541,60.75493690373777,23.576940148665308,1
5.638123317227746,40,4.429537006251985,8.266498658229244,6.3146269788590965,4.339188333916246,26.432161298498556,77.48723548660637,5.263393723234609,33.46600951218227,58.17751792484039,39.57682563862182,25.958179388176468,90.56651665497826,45.72178614233028,1
2.8766412767753087,54,11.005333567430084,6.83756321879683,3.4472452121080424,8.235860411583147,1.9549971642973007,35.52386760285323,5.438951926004763,27.38769481856605,77.82945304294661,27.039484738187962,59.284311902826325,11.353573677655579,20.975536144559566,0
3.2101507558228266,48,4.677894772076035,7.663567655747007,7.51141050831452,2.9098483835016347,16.072894317769304,17.554358265670984,0.370451649164633,39.286064506268566,92.70431178287451,55.806866117063365,76.20618889380425,92.66107958816983,39.21827202554078,1
8.687901770633612,51,8.569385204135136,2.1430161754153914,2.4656686085454003,7.582546006404247,2.1652875032036834,81.01708509194434,6.414400099694357,27.340403087935364,39.85108924737912,96.98489078227904,86.12214853057955,12.471882473906778,52.91544822814538,0
5.064516419193478,93,15.21942631232612,2.5513064696937313,3.4153990675640356,6.145378200942676,94.70626418914286,55.4792907048688,4.065694808022223,25.768244271347935,71.028463147763,15.46603887924418,90.23841819173364,35.61964940695665,0.0,2
11.52643311448598,105,6.595874584537804,6.740158535629102,6.1191410740224335,7.899636341158807,99.99770204176941,41.13065059427376,3.5762393523231797,12.20457092063132,73.04558606255179,63.563988669124804,12.902735401859772,62.245724490935146,88.22273236200438,1
4.057765826265378,61,14.111224986640757,5.242411929157677,2.880605059190684,7.725537243204662,76.22302636195207,15.914328418523933,0.17303888759169,31.158815798993274,29.46109450249723,71.14310809875478,72.52350275924015,35.098763163542756,58.80104854079201,1
2.538707303600634,71,15.801557634299199,4.38440631913282,3.041985156414399,8.424650362218985,10.812816375158762,17.826195576635815,6.293869251995322,18.10971041472684,65.35482757141851,46.58103189055775,23.981699290014436,67.15841015967037,9.681293661823611,0
9.411797911502708,52,14.097732901838482,8.663015154483128,7.959620752630943,1.2060847171121236,89.89454603326496,78.40986164482358,3.8528442463534045,3.852552995921605,67.67707344852434,52.03964204383317,77.45810805827708,75.88935020438325,71.87351680354247,2
10.750878545137635,170,3.3211636517948113,6.039925819133317,4.533793300384746,6.786537693569398,74.37761832661045,54.176470797189154,5.7935588901496935,37.09065724390818,77.23869735845102,38.98657748009098,70.16414506982562,80.87954801448589,61.532960448014784,2
4.4201902471506225,56,13.258804936934478,3.0225466188891836,5.5771675386271555,6.857752581559027,33.22445154020879,26.977763943716813,4.623025629094227,4.2305461658959,97.99535865599896,31.457223486384258,21.865769349828856,19.85830788497599,30.184955482476447,0
3.6219250672775187,191,1.288670805528531,3.9637148722337257,5.219005426398157,5.512737636699289,50.22779118089321,43.68045017992145,5.597185933225075,30.908905282142612,13.54044850953029,42.33141381706299,82.45320603501614,20.115209441751578,38.65170012539974,1
3.4505444161464154,120,6.778188632229479,2.0810801749923815,6.6578083478212635,2.442432049200897,66.17593412619689,28.224411803001832,4.881229065048836,8.738998333851352,27.802843843625112,12.320931880104439,47.94635877372623,7.917518625317502,76.3618067253682,0
6.9811291643483795,171,14.03514727443153,1.6529515841205256,6.9222357756455954,8.207245481677846,2.405047567327123,24.03052425443093,6.454650926117204,20.600489212547146,22.76690200893718,73.29254982308176,55.57862212679706,49.14007285724167,85.03153096457245,0
6.418374733091095,139,11.269033633950782,1.9346228315952074,4.593397833268415,1.8171459582777607,50.15409120998952,37.10462565393149,1.655840885742893,38.94094131750899,23.59019661302182,75.79836703163392,95.34054907954241,15.9281601715225,13.978898988812176,1
4.224118318472609,66,8.897654495535747,7.526655202126679,2.497537384737915,4.296433178210887,73.23954332549852,58.960683796991795,1.4944907226570596,6.060040611908305,49.97388213473292,28.795867537670304,66.0661796392948,32.94811719038846,53.60999862136811,1
1.974317728388977,132,6.695533181255832,5.932015917634605,0.3778419310847618,4.480491747681165,18.82253718963328,31.800528624978153,5.016536777421342,30.687479177762697,87.31121698193849,59.005970473197216,59.736372487304294,82.00082601262993,74.25041688361198,0
6.5556590734259474,68,13.146913586348347,4.911032441996795,4.992345358301697,1.4593664966227264,44.379057347933305,42.493686502781365,3.559624124025936,28.342605926901665,49.48764767796244,27.167678983603896,6.558937829830393,92.17394061546226,95.71890813302441,0
11.572989650173888,38,11.585287740012959,3.8030480665167157,6.638656899471833,6.169242107599223,53.253012918493326,53.234470716516775,4.234212075310603,39.303779093320586,68.82627500942837,17.058735297384438,23.52697966373638,80.27513905061907,7.34196310463448,2
8.351451607902964,64,7.919760858158234,6.410896414305293,3.714210482990944,0.8464841791140141,73.55653719592323,48.60237913465215,4.9889430374194665,9.427599466934868,43.13192454265928,58.31129495296154,7.470584157644211,3.060948017270819,50.492137672961086,0
6.702818844600493,68,14.36576192558683,7.8721874419068625,1.4847078958287414,5.922021342312372,96.44537107931075,25.29022392970317,3.877254559300018,36.39086269933961,38.130371747378135,10.699671137467007,35.998055591601904,56.394278685844576,79.77126584458348,2
2.662266777310969,41,4.2952098708432125,8.24932817101251,2.4470401688979995,7.22837016884135,84.82755480042916,18.109250842871056,5.535084788896754,21.355211459877115,83.41269626495571,66.33185397604322,37.039276831541116,18.66605217929216,0.0,1
4.150581050770667,19,3.389950939211098,5.291553991151965,4.177913650192544,3.0349299706921564,62.15184202299502,17.836698155915116,2.3001847559573823,20.431688237209556,67.68818089042092,27.6113328226475,54.32069654644149,38.32020965343523,35.88515004494674,1
4.595126470532699,199,10.57061721787044,7.39418940714437,6.726113508025799,6.059134792233282,58.36406748348093,43.01432144222939,6.027034060837876,17.55672708611462,40.87878535126317,73.59836082186389,69.14846557030411,43.224380749646485,46.8837575404711,1
9.53043730237596,115,15.574314009066908,4.983778402262029,1.5396745393336808,1.4169016684419384,60.31866930726707,72.50416628298582,0.8429668351866451,18.57968828642447,90.44610298975051,35.9348925852427,21.679100986357124,91.63643123433154,50.061360518220845,2
10.705463371278503,93,4.558299914262909,4.612037804308022,4.974769030534211,7.205971612204181,54.51786426597738,25.50042389834165,4.474627441032189,24.35826393628468,53.86901773035274,36.89107690681136,60.95386113530604,62.571440797718665,62.176164824729995,2
10.967239462447603,196,4.594989759794163,7.020019691777085,6.076275188814255,8.097066267847088,5.936288025892356,77.95840930915404,6.241914301934903,6.592392385709029,26.56817776233739,76.34773305167342,90.27879353118834,28.159574886136525,0.0,2
11.837970386632918,58,2.920382489025287,4.129969048914333,7.5011706586116205,1.382627025398126,69.82963945882051,72.25394474510693,1.8435894825217622,20.27783240453719,52.52352389715594,46.179316981332825,22.205730622806335,63.42271501954331,74.04672378137828,1
11.814850172597591,93,13.88056604015921,4.230581684602992,1.1102887950951035,5.9116195813675905,71.6336800129603,15.315479270848895,2.3551592569749995,30.035192247559483,69.37355053814586,20.219737589945886,66.29518681467884,92.47535489006873,19.401726233771765,2
11.506490894063806,180,4.241242614252278,3.226272134924676,7.425854746483548,4.3489812110748165,51.248036226702745,17.13982983854761,2.2075482715998986,23.42227119784753,42.30590785454228,77.38422369216268,9.239790136427388,8.560957664656147,79.99017072217094,0
2.254132475280286,138,8.448313606218296,5.4162863010910325,4.89144677436094,4.56459438739198,87.0387605402543,30.60265724304413,3.993419611247733,9.130667160533779,84.25305679223462,29.306514680127354,54.39672998907455,79.70284077720667,34.22096579243767,2
2.9468321272419544,92,15.86126166563351,5.34572679000609,6.180272381971831,6.034513636245781,67.24368027566786,19.489672884046804,2.948815527399525,17.611223177040177,56.91667029333688,12.771482305480463,73.9631509108375,23.38837023712908,0.0,2
4.6968985279983455,64,0.9845416940150622,5.825373568952434,0.6194427346347325,4.205420194426073,36.2664657857017,57.507448421624474,0.8449190664648264,21.047352000314984,51.16330063423303,43.72545220288657,8.1658856506833,17.392147494011958,93.17421379031548,0
7.305431667676846,21,9.25858857576407,3.528540344903695,4.147955613996642,5.142741692948821,1.969435359863425,18.17018091667326,6.249881830119574,30.761617029217632,85.56660524720724,62.323716685505204,36.03088137625569,87.49349035530432,71.10552536849933,0
2.518267831407533,31,8.586793449115175,1.9037409109771872,5.056511457830191,2.0395685630555684,5.916164649768008,79.21166703963182,1.5122687411948517,40.732951869112405,50.73676696902146,64.67389637298221,86.64999964145501,3.1738489578023454,21.749891066796586,0
10.380868056922496,46,13.073200121434352,7.44056985936812,2.5933039510081537,3.2794554105044944,35.17982616417863,54.43696551566484,3.785152075820855,25.666147041276194,46.46809248287185,78.7266789739485,25.969621009403593,72.66205959505187,25.438013462615128,1
7.975939880311746,168,6.200279401202209,3.48035430645847,3.566871623189771,7.368018940600617,46.21053251986829,73.23634933379822,4.204153781967104,31.08382950904666,19.127042789347644,52.54308117167947,72.22733355879976,11.199470529602479,46.772706705271084,1
7.194826224173152,139,7.037188655265431,7.624872584049175,4.523525455180865,1.023181097846439,16.687111950842503,75.0562040748673,0.3811877211680377,5.319153893894391,41.89928533941294,30.898032182455253,61.93815947525701,61.091557733817936,85.66952935707748,1
3.235768895356557,99,3.3526573051027277,2.003150959900686,4.509873930229244,5.119632191842575,18.93283064226321,55.541115173618614,0.7604150608149269,43.042082261946504,44.94025044955119,33.68905254831826,20.222952934233028,61.36430873071342,28.345383120554594,0
4.159182481202072,167,12.060391520863957,4.846749964557292,0.526519898173337,1.648011322773078,23.02113587793363,89.0290301002773,6.804659001963906,15.553973685287485,25.8947640917551,19.68638708796604,73.97879880031032,84.10094865219739,79.87303007333637,1
3.1832762623137096,46,12.727575419659853,5.431977914289455,3.6279577793153606,7.210932622556324,78.05133395762726,94.21926190842464,4.6851351470307385,17.234545236580622,61.72844175075876,63.59350257338936,54.483532351994384,80.32501073957756,25.91896630116979,1
10.445298156845386,56,2.8772824758382196,7.726120975955743,1.8677816073794007,4.963969212369818,77.12878409517714,43.73717488116367,0.3315997216203458,11.582239567585043,22.6581022084306,11.452542904251569,15.418399467544338,67.40544825008756,67.7057802648174,2
7.634392530642791,91,6.78054752462249,1.7330405349108455,7.350221609065728,3.4856097744302774,38.29389854137788,25.069131219938683,5.579974622505691,5.640813085918616,29.68470139714241,59.15542471218756,93.2915405036701,38.771473499567605,23.708817983999086,1
9.21885898895615,193,14.37215592951278,7.529813800266099,7.8173239229620055,2.198527258675271,17.236438158439583,44.059054291829355,3.60894538401465,35.9720119760996,59.376094743812374,61.78880360051856,50.75246871034867,18.642140222471596,3.7744124649415713,1
4.60834506055527,134,0.8411505598719649,4.453554299248211,2.537245791546139,3.7694954731929293,11.090838506346923,32.86831176114161,0.6188770473414817,12.34107351336543,33.67055369577686,78.42226106793919,74.29251763667929,62.75419505333276,78.69295782743359,0
5.39815268942691,180,5.34113787346401,4.852245169789537,1.5664460985582582,8.143943537742635,8.712931204717322,57.48045336494001,4.797189476529759,14.155572619848463,66.29081129129509,19.80019608113518,25.246124693893403,49.71516107854378,15.70100106374261,0
5.750977126478605,63,9.236642732798726,4.678104668311481,1.912132377397076,4.377358033846413,39.12792508993721,45.27100810019212,3.545527460492433,9.817239894069722,70.765155697022,25.58117349703727,17.75803847460475,10.32657265445042,89.65985959834781,0
9.480157203312366,180,5.8782266668312895,0.44835617065607225,3.926467591753039,4.043712066278825,4.55424333211194,53.43595314294327,1.5139466276653704,43.92006705285184,36.51355613338522,89.76499835978258,73.94153018008244,92.82281770407215,1.2980593789686736,1
9.609706370582964,29,4.935086875500574,4.494105280248994,7.021143673082792,6.368700033402596,33.3635037126335,76.05500608608011,6.156145677412855,35.58449628300579,17.690115971711354,57.15749625132565,67.66564860592953,32.555434871710354,17.64629563188707,1
3.671542038897333,59,7.792569770528831,3.528188874705817,4.100282476513589,3.2839953949880165,96.15332425411374,36.92167796334817,2.1105210222717536,41.98568494917012,53.07176137694481,37.60375580747832,30.492014956462,3.201231909276699,85.1573226864305,0
11.38615799575004,116,3.559151243267345,3.517743086838923,0.6320580813793216,3.69036117899867,50.75046156100387,57.99797797117804,2.063440784627824,39.05410478330094,18.175060968079908,68.93705618360877,74.40435950296154,87.75888856071951,52.851515539871215,2
2.7668810431587074,24,8.850303662584155,6.379605153147669,0.5111077011625232,2.9303609452016004,82.26446568351889,41.812899946295076,1.9821377143667234,40.97076238044625,55.340739974100394,76.74771293103711,51.96428027472074,57.24278270784264,13.268389083827955,1
10.909281865448119,182,11.541778003961033,4.212779647098996,1.9736493758582188,1.367725944766888,12.926594589539908,77.7968691296529,5.395444861914453,22.5984642295153,73.90717010734849,34.76154473248618,37.41954486820878,71.90770331372984,53.329159889063604,1
2.5541542793229977,184,9.544483279953234,1.2117341754465243,6.773615965353545,6.095997399302266,26.807878240970485,66.16293059261571,4.972218825625672,9.33328180635532,64.58902164943069,85.53321667278622,78.18093902560842,17.350626587766172,7.703813322697004,0
4.277668017088766,120,2.2152618290496697,2.002191092979508,5.047548348774123,7.433459676622439,94.65464445440088,15.680378440848859,6.331705229745467,16.05585437737441,49.447552426657545,8.876910848678413,62.36079552142534,41.032933358447934,75.09816909948523,1
10.388024628713548,74,13.635010935316712,2.1036684510848587,4.591071259533074,7.706978253639231,38.35518969340236,67.80410728841747,1.6824406151315303,14.575415230213254,93.23555221498418,90.0108626106355,52.17595803539568,63.63575560249217,0.24238803611137882,1
3.384666759633918,34,3.4596631298098206,2.5157612377482184,2.6879628221446086,7.498744679517349,64.84061284483224,28.612960645326588,5.5259157092453774,32.836755016858326,18.953756511231003,18.308203428094487,76.89895999783957,26.590682567338632,40.427513093696234,1
5.842463278754683,135,12.425142409289155,6.272153470901408,7.449518159360261,3.89498394047914,97.61267791625895,72.95790321624314,4.054014478043862,3.1039255112157242,87.44013260824995,21.479590127388967,55.669037461958865,68.94090084731083,0.8825646589874232,2
6.223522649413325,119,6.280589683792925,2.275837124822818,2.783190310704633,2.486156014506849,55.07877563307355,60.38709334763665,2.229889306603408,8.107815241473014,80.41134079242586,14.204692926314454,92.28370226282374,24.95980273134432,53.026049441980874,1
4.075219216743701,163,12.697972490452756,7.493067772790918,6.712566418692984,5.458559496646917,30.53459492287359,47.118614217853974,0.3446335136134794,31.36406017095902,46.93699507208344,76.81961488392807,81.0791794292354,22.65801575114804,77.43489057574868,0
8.957574614027859,132,3.9353481317612555,2.501837057178851,7.1880474402118955,8.119521260010666,53.19484559520623,70.52531433658068,5.750738093972659,7.308021213418982,23.452311127262867,88.18008585422635,38.311444264838315,4.092717124475987,75.39311985179287,0
10.43901381872314,40,3.6372639761705328,0.8964304979316258,3.9700131030858663,6.207225444616282,5.463719933085931,83.52746286950241,1.763392463442159,4.076549583127209,23.71627714843243,38.774855021997006,48.23749030080204,29.49923406321083,30.8879394850507,0
10.683038968483503,38,8.35479286250573,7.175711352970978,7.175456301949793,4.256727917357315,11.236987409269117,77.29949710896585,4.4590269498829445,6.696252078281207,91.11890694536616,40.22787472786583,94.03197538867111,26.193258450802926,10.106400639656801,2
5.06288253023389,167,1.3006274234150794,2.4431273980793686,2.3590656416501674,5.885992025912965,0.7171105052269922,58.630342125752605,3.887188758812707,31.698988580853143,30.566010456486886,38.04059429970389,88.25400871583425,74.84951632795273,0.3698352231299591,1
7.073929140022051,46,4.224519549491467,4.698732833877519,5.335780724229552,6.589318464616935,88.42100415650043,72.81554562076238,0.13070181666280878,7.990986154402104,86.92218230292892,13.703371652798715,22.780254999990966,56.552731179784544,82.14658492657719,1
4.10826724058934,198,11.804986233202094,8.616101034157728,0.886117238490213,7.821861795155794,67.12804288995956,48.11316435142029,6.960971046584361,8.2910875288687,54.28997935386543,69.61738312691796,30.51025645257144,19.71550147081331,7.051302839946495,1
4.070363266276527,35,13.528228870242467,7.97817850253226,3.8966868699206723,6.511012333366095,29.83297651327481,78.1220897250503,5.718872555020888,11.90290846064127,50.63264803200826,15.266470478633195,38.891108300663404,56.4039822691907,56.48071532261288,1
3.1931676599452032,157,2.0279375318547186,6.057469412083076,1.8951880568351136,3.738800667341607,22.11614192073046,81.32415132982545,3.4566517673931063,34.289160280450474,64.51699154737622,91.78667012204859,86.82596036138305,24.191697514028466,23.527201798144798,0
11.370199613478905,205,14.207581183459187,1.600924960308074,0.6895535678587025,2.398294755110067,68.30766011577799,25.9835069501119,4.794355454672443,10.615175227213369,28.9234392946045,81.03796291572652,91.24981000625957,42.99721432509436,81.18241780737294,1
10.82388270035859,101,12.922261501608322,6.074731881449435,0.2290589630054417,4.299005983728566,91.95320647852824,34.0425087675157,3.388500232476331,3.5211420591409093,47.69661931725307,10.11793104202793,79.61764239464173,86.49155780163736,37.98939252617057,2
9.662266489940768,26,14.019201294745875,8.332510414306793,2.733066508238305,2.8566947346859632,29.91390910521107,36.59909898793267,5.237645271823243,40.95212428976544,92.58663061483382,54.16425419363627,30.64088548360438,70.6100846345504,50.522198935368436,1
6.935445973521155,185,11.416114029598367,8.03082095769094,4.79833863738675,8.019222578577638,32.155910938678176,28.286537518567325,1.0268669661503693,39.68169224450968,30.966609750129987,92.26171701729146,87.49702701707653,64.20340156991496,74.61419214330738,1
6.651383112874655,51,11.047126622868264,2.133356706178831,3.750796711679027,4.366913084979682,85.42407251937729,46.40280055179366,3.1798218671148093,9.947217038548313,91.09935318141815,72.09954606791902,8.057944712484957,29.459444236281055,93.7258019540792,0
7.062329494916229,117,8.78141714684193,4.478867836651165,2.5538005284520695,4.0652732220976695,89.33758158837523,30.442656915968982,2.4152065218027343,13.409731360258561,97.49045330160773,60.062086200420396,44.32072372281819,14.71067650027837,51.30046061168491,1
7.133964142559438,206,10.722365812267988,3.872391486194121,7.931360240054758,3.0248482325008488,91.40365668297785,62.64314487412876,3.271621180108841,10.10797557207656,14.567832550643715,2.239673402318406,40.119462806851594,73.77720452419383,71.82342964580526,2
6.062912389325748,160,14.770466901412398,1.5352679357581267,7.528295311841487,5.471018718449442,29.31542080066948,23.129235431809274,3.208261304736513,32.93998517535439,56.7613627880407,15.98486063745692,54.77728334912536,56.38169614749224,54.17339666424296,1
2.8834257453667083,24,2.3279344215339677,5.7573442535001,1.1800957933324756,4.468430740415961,12.03125675963489,36.59353224214051,1.087348253476441,12.750382020136978,25.120098373044595,78.9784180892019,57.13957182283909,61.5394559634783,34.4631202232955,0
2.819470455119628,174,5.599620063260586,2.8793986792438293,3.4378379280142592,1.184010952345355,43.99975719985421,68.24165167570854,6.8377711378923,42.05233956727559,64.7108545241876,39.20496174587373,25.96261727644168,94.66065202164019,5.657057116787302,1
11.498622016379674,46,1.9013155986572519,3.238510655887506,5.261006085150164,7.401345610976154,29.576486514118105,46.88360985066794,0.20689578523808355,37.58856404849346,97.07975260290905,65.74760798684206,24.023680359075325,35.74216649571722,67.42591777475229,0
6.56132297565668,161,15.161038613549385,2.051248459477772,5.921228220733506,3.115707790007907,88.38666668118358,48.717019348272615,0.16950331924005202,27.301248485495947,88.92551879680211,62.210208375592735,79.73169303667044,78.27026774519045,55.772733082939695,2
11.508658011504483,136,7.568035083190697,4.085232632876422,3.057702808294025,3.7336588116484957,3.6634941803544874,78.83402023667114,2.676745097882239,2.3843436626896675,91.3866646213591,49.455127665725676,12.086302199105452,55.541943041989605,13.677780126212468,1
3.2175572159561545,71,11.065235954278064,2.2369587803420274,6.0209981393357115,1.8276032759740646,63.38804696362723,93.76092426327892,4.38059681049304,39.99778447591667,28.77478357146474,16.758597793984343,50.87560207917023,25.114434917132588,17.23879699669137,1
7.321373796419302,97,13.585024980465686,4.782168258325324,1.1683701007032907,4.748544943990269,90.61813657481139,60.205422660337035,1.3396072650230049,33.29375080089983,57.72412470225853,32.596741903604766,22.823115813584142,7.97150320673962,68.97976053290246,0
3.681031160191162,37,15.863203770762626,2.5997420681445744,2.7881384770100968,5.997262524400097,97.6670366806066,21.32537371708862,3.7790386269387115,35.88001805126328,30.665129442755656,71.67029484354713,34.71975193625093,60.9050238469623,12.673658567767035,1
4.158438364329316,207,3.2590933584424393,8.545596969623412,5.788178770896059,7.501788693257892,65.01305992980431,23.232237937890872,5.087126578948004,5.0884837965956145,89.1493742668333,32.078030070885546,30.788380982996756,30.975916819491893,63.715049625305106,1
1.8155730769923772,61,12.952591606917077,2.5752541520887586,5.080325764030926,0.5335043857670063,94.992295702238,92.48005776235328,0.7490182023770428,32.46808731939731,26.821551390533692,5.001136422991486,70.89256701308996,68.3749645692022,59.011216719697416,2
2.7490097627722188,75,14.288828051678392,4.3288317630950965,6.730239675920909,8.275988041474777,7.565946262506729,69.33879301987773,6.89251461530994,36.597347365838175,23.54838429200958,93.39735622433581,47.4099161063931,68.86835320340978,29.327193703262367,0
11.126908280106555,113,1.5429057281333094,2.159130304414737,0.5654847768038096,6.012069032970997,35.92783459962398,75.19752946670555,2.4232344694011307,43.13532031475336,11.07031159083365,65.74772990889124,32.84809060348765,45.813283975016795,23.098255720858937,1
4.876096410564483,146,12.262176514820716,0.7154588236910402,1.5602553990197783,2.4881089490567465,0.8714697326733689,69.06110061484331,4.532666355132018,26.96023032964473,26.011411687622708,59.75167525359023,82.31573581215908,53.421328982922205,24.87583278644739,0
7.885356725103211,113,6.191824882187564,3.071895369919721,0.5782577417213384,1.8175879421173151,98.11837721908184,29.36940813561226,0.8639670214873724,23.845799635968675,26.69913052319889,68.11696941948965,12.978948140044587,61.89540462078332,36.069075124331114,1
6.382648385887366,113,10.658671230350567,1.796532518657824,1.6984909491438482,2.587138516698623,90.27264787666992,50.86897286598096,4.995456082177152,20.292061969222207,16.819136502253826,34.68271262179177,76.27154002904854,47.04886471720701,47.72396472529743,2
5.704738075075422,128,8.613532579790744,1.2405129054032935,0.23340592293689308,7.456096313998116,2.8052556248201355,78.84643500954925,5.899148794731153,32.155370281479684,86.36121710035799,96.3157700029082,28.0930864847277,85.47283695921277,69.12113630660332,0
7.0848039591337155,182,4.748082231716881,4.023910556973087,4.1328403530951565,2.5476774548459837,1.8132650459765975,84.30903703536586,0.8264674820812943,41.59531610272839,78.63980716525892,85.88844235266312,90.37578770429079,10.137850073477576,68.87535325431149,0
3.466008918461086,92,2.855364702460588,5.763099908103749,4.320852285432393,3.9876975302807804,36.69694941063661,33.986841179709764,0.968455765153457,27.789467094789536,32.39437176655859,32.41370165174538,5.516994939368043,95.10290698649194,6.796223323110361,1
11.880340934455553,177,2.5775979429559657,1.1519376925743519,5.331555894966759,6.0281996556347535,25.85379667909018,62.67694326670565,2.039227159271871,11.773196584858612,78.92667789138582,41.66037546708968,56.76969037441856,6.144385672378439,62.35075056795601,0
10.092232621390561,168,2.3705074371690738,4.769752316983224,3.202317088168139,7.424714855280638,84.69322772425022,27.568152219076268,0.18235712608977206,2.7556798632946,47.150480118118246,24.335749592590957,62.87064351456622,22.561057454260116,22.902583868269993,2
9.28695364368091,202,10.494408610045582,4.916529645122087,0.22501998734443526,5.6319977637072745,16.04844032718623,91.66214984974013,6.903753930926886,28.621864085503685,78.24578722264023,67.15753950405401,58.68893093616174,69.5809383375099,72.42969942756477,1
6.421972618646501,193,6.141444941272979,3.057292089848586,5.456351004379569,6.42611725088915,79.06494627008573,35.17634311939901,4.228850117173282,39.177709184819264,38.42467336149527,55.41415887538086,80.79642217450817,10.986264378111423,0.0,1
3.1052097823265274,170,4.092828260729261,3.8156630309635293,0.6234704844337181,1.5559450888860271,55.44596999906632,73.13081028831174,4.292367204748464,4.8369369356566025,59.689571930933184,49.496632301704906,15.431252751794442,27.644238796125766,53.48160395077218,0
11.166991511872462,63,11.316653409129726,1.1958439508624912,6.9561293603784025,7.4702257526055655,37.73917714049878,33.48903553814835,6.716838970596289,19.095561985337874,43.58172769196683,89.12648274706517,43.64670839921033,17.47380783059447,48.170236335265386,0
5.084564207508141,165,11.240113399650296,2.04304320026818,0.37670110412191143,2.4160411423921295,14.571976173337875,64.28431543028333,5.8410018548040465,42.42201782147882,26.515471898065286,51.86733273101419,85.32751989085754,71.015726998724,20.006612401941876,1
2.0261202418178046,158,8.995358043826366,5.184115943103166,4.337705961401733,1.178376578074732,99.7691305959671,67.74114456181252,5.718276223681611,23.572110821842625,61.53569379217607,64.08589782296019,87.65238183319616,57.419738783153626,79.46108482388765,1
5.095238606511601,71,15.011358816360934,8.789673782800197,7.180359482607062,8.300452038861621,61.79861209215367,41.27424827638022,2.442566352321217,11.488303880909502,76.0731103980509,59.734116790919,51.346029501205194,9.060989508453895,5.701567748471007,1
9.841798820206785,147,6.658296317909603,8.585629122814346,4.665418691152485,1.7937753738149524,43.938223256799425,80.5067092340841,2.410557414906054,17.207225706060484,76.2734269642851,50.97923431091956,56.89092112991742,46.25261812775106,7.444576915362633,2
8.038441822376186,64,13.505117163293253,8.358589860055698,4.945650623042654,1.2478765486550025,37.11275565527317,85.82967185979604,2.112991922707263,19.55000134637667,41.35346881209343,12.555852993702352,76.04348496556075,22.59927523350828,51.22831533770865,2
9.383805139821026,117,1.942119000569384,4.7104019746557855,5.516564617031764,5.358575560855007,90.57282306308552,83.4055944203196,2.4922007562566075,7.043449119922062,55.64663561971287,55.08043528697724,77.50376666977367,93.96366821034576,38.879149891300486,2
9.833171530554964,170,12.045432629385267,1.8870435209429188,1.1547890122976427,2.7784504557672007,82.11918081907609,41.463857557177384,2.649610453382969,30.41406648548168,77.21251667548759,55.19632306387454,87.59156085404507,13.144287047050879,13.82896200161224,2
3.7255234163456974,51,15.824400690245337,3.7918902579852483,5.464431386322365,1.220133323516144,81.11857883682238,74.54722072101232,1.066025453966094,27.463066150976484,14.795788317987995,12.385568937289912,83.478738124023,59.217186484219305,18.271104208217956,2
11.199724818978392,80,13.668292887574816,2.8406214275780703,7.066768079699958,5.149417384613359,61.619847296239286,59.759260389537936,2.5560402526444457,29.852083748219826,16.326173330475708,71.20176738753698,43.54136809637937,48.2936401696009,11.76572145257191,1
6.098890830663912,170,9.610903733512902,1.4547391575619735,7.798922496115469,6.475475908666778,88.79565826958017,62.41026595936093,3.1825545431886204,28.26403745324808,43.107601117542806,39.55320360280567,65.42705936186407,57.3399427178478,73.92519423366868,1
8.209643317273727,103,10.326844177772841,1.2713352422490642,3.655805594995107,6.762866343340115,29.92783721220704,53.19400682067695,2.234496637351944,2.716898936398606,29.665500890549076,37.115665241646,49.94087898114127,92.91032796637782,48.97589698538577,1
1.524242112160791,202,6.170001151441591,4.665404876116227,2.8871378430848655,1.4063058485030882,70.37061351632893,63.02089183750973,1.2408940802870798,9.501902531351744,42.96884972041939,72.12933086260254,15.970416377072251,35.0804965147497,24.89494063443334,0
11.93036923331737,16,11.12817531752318,3.349560303402596,6.075815001651273,4.777683370695515,40.44477423918925,25.85233264286,2.676531747431634,9.119596083672002,18.250271027646875,37.02862576004909,81.41632556047082,73.3840390818414,26.933191866084137,2
4.449412052623629,155,12.510009824356171,2.3647927328959852,4.434419447143454,6.934898313724269,59.99988085596921,47.707778649396424,3.4182636351934077,6.211913910813546,62.0967066994253,57.01363473960251,60.964008262147125,45.06184885449828,78.34818856316764,0
2.15166261867163,173,15.973072912991379,7.1546039690618715,2.206976304749238,1.4531308959631561,99.81530006126928,29.21374095903568,5.073025868003185,33.625458247525884,69.11316452750319,50.31648051108578,10.39448395394987,65.11159178420033,85.60522092202388,0
6.311751436133396,193,8.285436338406582,4.299547900528732,1.542831502763683,1.8445309148736693,98.45247806753183,37.40844247771406,5.007540554175225,7.165900222575142,79.68196469466375,3.6305000627760666,67.94874994783444,37.371809352630294,0.0,2
2.8548156004114382,45,1.7318217997563226,7.547422683452128,1.5277963446234006,0.12025573842609201,51.261901646744825,25.2251628737707,1.4985957144749371,30.7323451583648,67.24601855062878,41.89328707422225,31.328396338430466,24.34948729371767,60.192201519094894,0
3.099430456654545,206,9.857040851110977,2.807128399109381,3.781580885527986,4.50692691372042,57.38634521648246,31.999648417761605,0.35292222666083617,9.670783315108043,44.88156276053467,24.308821009715196,11.44166441065131,10.85993778148664,17.166819306267072,0
8.138969536817207,91,2.6091670797289623,5.609559048476557,1.5269703638020709,1.735326253640388,89.7321769137301,77.55434046301727,2.1962167004687783,7.087337664660833,92.27368378397148,17.20721663159082,61.41276906557895,12.564617624162514,13.557854564183705,2
5.625737611487449,83,4.520428662052873,2.934589812997938,0.3538077632895891,6.183637636105952,98.5635712513855,58.98691697421362,1.1842405035267607,8.988792090491412,73.91721741046317,53.59166535583673,73.09540483401965,93.18644996377056,72.21413320879319,2
11.179450726627449,84,5.797454651847206,5.102925793124664,0.606292444763582,8.182596387187889,77.86078026260797,16.8914494809788,2.830940506588289,23.86134863113486,56.43594963275625,3.489304766700281,53.10743937189876,77.11492224943072,78.69336043832232,2
4.851143193384735,139,11.91165407185584,1.3957436620713342,7.453099442833133,1.8535461075921904,6.51844579586307,78.08195870416924,6.85748822215297,29.755747923883494,28.202835933532114,94.39060386446512,5.5252894420185985,26.026169497274683,11.695796078573865,0
9.124891348030962,143,3.593883482953208,1.828166760616433,0.7690984610490588,5.552414898813674,32.26397343438639,87.75747167435925,1.3493924592460247,36.91276898247838,67.10979883278698,42.65521774889833,58.65009453566211,52.739840262721515,75.71785262509933,1
6.34154401662653,107,3.3194447920037584,6.191751954520354,0.7708093865314845,1.8794094762514957,89.65623399203079,85.43434206261101,2.3002302096184857,7.528174834979116,62.07140620756414,25.455695422202197,5.614644004570276,70.13787608890632,71.73926449359723,1
8.429488661857427,28,1.4834564859821775,3.2596032413792297,3.719269875161553,0.25125761542951364,76.83525058504806,80.84135062986574,5.103288782605049,28.496030137590694,70.1330399065041,79.06423510120126,91.15597202063196,36.13856278823431,60.73298882008927,1
7.796801245517899,207,14.073247032578989,2.500827389291752,2.111782202213254,6.471855231402512,74.22330710244272,94.37731542407495,3.6133612017472596,35.27510277468363,78.73897934713051,43.5180586584773,29.85937966842984,44.35887746701974,73.26413713074301,0
6.464231713969481,58,11.341282450212121,8.380261698722476,7.709012046945482,3.7456392838675,66.7923230468141,61.91215644303463,0.40310419065635605,15.43342237483903,90.52436647008372,55.302224185787786,86.00361412522325,70.5279004398344,36.6920437290934,2
11.475641493556589,33,1.4071862773879227,1.0210950703317403,7.3056895480828725,8.053009636723086,41.52638496323835,92.0070102811924,1.2156611253131198,5.427769912799819,93.51698003951682,66.11139054274966,6.126163841368961,24.38070558679457,91.95970130645634,0
5.098493248927037,131,1.2300430456993416,5.129207938780091,3.3569973396358836,4.5880014100046065,40.324132034470175,90.9075386001142,6.553221927935052,8.705676411860097,65.45632418705247,80.87527457369525,14.041135475771837,52.47636969586585,21.10603878455643,0
3.360972763117362,95,9.291849306420852,5.563789833109917,3.700105851446822,1.4228560993957455,80.89324875908011,40.05909844027514,0.8118384498992964,5.93702184509964,95.00413114629421,12.825665353362837,46.9809723280471,22.748288138505835,43.50517998008302,1
8.619987639238197,135,5.094522899558007,2.4911025162552716,3.1258864939894475,3.8781053110971344,29.37802917650709,84.07470048446966,4.482140231746969,40.15011303397515,90.20517111204994,17.076729196396826,75.55048625189822,3.289294495459445,21.026302404279946,1
10.383079393733041,185,9.870240526565318,4.6356614081726235,0.49535570981640015,1.8042910763705386,68.48318727009735,78.39781324470218,5.567046977002289,18.198171739490085,10.230063417339453,86.52068513656776,92.65823814655921,67.88479114311038,64.80762271425253,2
1.9226642693691995,33,7.405983470350672,1.8098204191463596,2.484205346186728,7.475445890567226,72.62085234239566,77.06390219208686,1.931529532801975,24.503990020838796,66.11033702964869,4.118019160180545,53.46181781066397,69.48289680439679,3.068039022056782,1
6.221143228438146,70,14.83435094711587,6.9804125379048365,1.1568530629734761,5.903586719455208,84.45559893615288,86.70246170335376,5.103038221656962,35.05359052758553,25.705308065397595,60.267268720262685,38.057846370993445,96.5979336681105,38.4816869371781,2
10.871120741716926,115,5.174697027412792,2.2992472991667254,0.9984885741179574,2.9664059590995104,31.988559070701573,45.735200793624614,1.2722767353082438,17.974432151191124,35.97695359234786,60.60025559125329,9.143572212297839,20.01545177311116,75.28757903260204,0
9.370995498690109,168,11.123009600271182,2.666389316203275,4.5747202689038255,4.533690711579979,74.18892668382021,47.00439727099055,2.0647768963531536,29.911414148987348,36.180017576731814,48.99150653244962,59.284980871700185,72.52055055617956,23.376408217963736,2
11.913981023225096,132,1.6216255366027077,2.736625835002436,0.9703658901657854,5.723633580989439,10.648989757868687,66.20418473629091,2.2515720131010317,5.297233688392822,52.51540828806545,78.51988225068877,40.34407009836364,92.10893789008796,20.10236181944628,1
7.079845021771059,89,15.329080119671666,7.422008790611489,1.002864325603056,6.676004819821572,13.806172895190471,74.02436302514737,6.975401434893143,22.678942845449818,10.956223663416246,95.1662669905126,89.5494140747788,63.590551660243946,13.298176862465159,1
8.429955047412088,133,15.707513512206953,6.976356977682749,3.948006975590919,0.7732365629125502,41.733604017340156,85.37896821260917,1.5805488370039054,6.150315545323228,30.750083906169774,12.214146541221547,49.645507724120066,93.53521268418801,62.42768859846709,2
4.676042951948245,206,12.033934361049468,7.657765186854031,3.6498024479565823,0.289158272760073,5.522577635524728,85.06762565274255,0.9915315059717366,12.676218049249808,12.562644212465624,65.12241846770002,76.18656943106916,96.47745261611172,17.95720635541882,2
11.44912379649292,108,7.871229567766312,6.5772801837128485,1.273551324032481,1.0614026562270746,94.76983214653384,72.70716995090079,6.487270918621731,14.613655586605152,67.24915378329294,59.329373345295785,83.8835791239853,78.35269376652468,27.35052548573978,2
5.346522629843632,187,4.143900277774372,6.599734071866596,0.2347023935091314,3.417969005449529,90.18958105093606,91.55142222572182,1.217321787360434,32.8561035671387,88.25730692496931,25.96262944421077,14.139817886031148,96.9328754183524,53.20196491235792,2
9.2543624832096,167,13.150248371769063,3.960752069203295,1.705200645789182,4.020335524689573,4.893369552584314,29.29028951569938,6.1670314454428965,30.986480010437916,97.80540206521002,88.32455582002379,45.99870662133076,61.82749917492957,84.21092015020281,0
5.73297214325036,73,11.992582276634739,8.424608365248297,2.0399595826199177,1.2462776937963265,83.83117218922787,91.0271877744069,4.588150730762161,34.12444382403583,49.47300647682458,39.51741829004962,88.11572108414502,49.72323510568567,63.01349327433829,2
7.399098765661493,63,4.173701401326426,4.848353322961634,6.441937860149167,3.5536863583566847,50.88741740900253,20.135318562689726,4.080344336686579,4.655467031205411,32.89241770588544,20.509725556571173,44.47434274373131,89.25780791080058,14.225813078961966,2
9.057716617726236,165,7.658472471190438,3.8877226030036653,7.340419134112277,3.8096314054393763,70.196288837355,59.449750495353456,5.2842371096713805,44.738311123441015,85.07311651230093,74.6844425157081,57.55934775796684,81.1098490947946,76.76615102926849,1
6.84380859338922,55,7.8345438548151325,6.400666215367017,3.366366300406164,1.0163556948908883,88.69311692981873,22.21575656064978,5.109392804321545,4.340061234520063,19.957949543561604,79.07192778647445,86.19866709879284,13.35053489431115,68.04761120844121,1
11.02440643254984,80,13.36144035958518,5.222266279776389,3.359208466707627,7.799943665644166,57.69744870776986,60.440078015850915,0.8626307069863647,37.50715503188362,95.73303033294039,14.028146431362542,26.63120356215072,31.455928799083903,69.51226367741567,1
5.902660373242007,60,11.194439201877964,1.2426144813466555,5.75735401332696,5.132825791736743,11.632710028462945,46.20877699645756,6.9963161618061545,33.83156413966303,72.9056960152018,75.52827836927385,88.1960946425821,27.50064132041864,37.19695861812608,0
8.294253880504915,133,10.576146661808838,3.206140824589414,5.089991722496574,3.3636984558327696,0.25786104865862525,21.52875452019095,6.599039112496227,27.445756991148254,54.34625055233245,32.80492242292785,41.92364317063423,83.39459598150462,3.9465350682157787,1
5.094805549650568,72,10.677376822961833,3.270960892798417,1.6362934562085913,4.358020341166536,49.69215322514465,66.84934440193507,6.286484543747222,20.87085810123445,18.505247284532533,7.607199550505657,60.15209956529306,24.925063304839547,60.342609527439684,1
5.7856450164256366,143,4.911145206613679,8.118911807562045,1.0399751539077187,2.7392588863379768,94.92321321243601,73.49583996982734,4.393795024202607,34.556691190617855,11.601242342459884,21.443233185497462,35.507671832124345,31.58020861256493,46.81444091954049,2
6.1205261364523,197,6.450011149408916,3.8945268203460337,3.613372747109396,7.276380665814581,57.26218716131959,28.934833089598506,3.707260186192968,33.81388554056038,57.918833378410646,76.79556637751087,54.022071999641874,51.76613350379941,24.085095141134367,1
2.820973692278995,176,1.4940667386379334,7.112401131170772,4.605661232669552,4.930126349175431,37.29391380882292,70.55493754470152,3.8003222287835112,7.898668426061594,46.41884465472188,20.751235563638115,9.583579681092735,10.155231751093483,4.199189659102774,0
2.4630986301195703,199,12.761505264344281,3.638168615730749,1.281919304638712,4.257124840905765,3.0922017080913355,29.32380393181863,0.20306491517480385,36.08319633731742,84.15447550385923,25.350765015577615,11.069177697204992,93.35558640796425,24.49510322670354,0
8.508644193040958,19,7.38157287058117,7.3336256354098,2.4875332485858674,7.75143738600302,91.49794172782003,25.99171594522212,3.5463395634235564,5.377950889703506,66.52288221302244,61.70128893816177,43.56921686019545,49.15990099437514,53.4867274800483,2
8.382936252602049,103,7.461223027731117,1.6267465604396596,2.586355372158484,7.1390294651661685,32.715666085804216,26.78906132197966,4.404010016853447,23.523484111526994,48.006878491621165,43.49334342713629,36.1505288793228,20.900770058748684,8.937417330593826,0
8.460551999206,57,4.529415226991126,8.391425097142987,2.2381259679884793,6.927535887977134,70.47774013150962,62.926277516346794,4.645072840547145,29.738518542389354,29.88862128890506,16.047905599330427,62.26863835558506,28.4571493554317,54.74558481088393,2
1.7075476760982626,193,3.983294678183319,4.868355220267506,3.79393787707597,1.995117315547491,69.42372021114649,77.30326465012826,2.3917623088540596,37.33262086713479,52.27715437545654,22.982236014236815,8.52564553507398,78.0198722261932,79.69488806413378,0
4.928741848053689,153,9.734893329449244,2.5078425663640678,5.293895957693961,1.386234136334197,25.38831613687479,62.75149611790509,3.3518482170254917,21.91373937800131,24.343496533181778,76.8898291919052,20.59318628553089,62.5966091367717,30.883812157075834,0
3.577003396221568,77,4.3348058310958715,2.0970563993269895,4.17324109220474,5.89681076558708,6.377750646072533,79.7481162414596,4.490543185971764,12.184897335301244,68.69711429764031,65.71086947144403,24.49204615369867,46.67484627699917,8.216086861645913,0
9.67058993671213,124,1.775974543795059,2.7331111098828593,1.7713611855292848,4.036594953267725,38.50003786718435,62.318187285629534,3.055308020898754,23.09836346463408,63.304158376986884,71.99708206426988,45.96573447327144,34.17052853447342,9.718155304449457,1
10.536619214659366,133,12.466112722909655,3.441104385424025,1.002924566969718,5.843186788837485,31.713101383719987,78.78569978787894,6.738732872986324,12.758948748796165,81.28628039510585,18.04108261461193,27.955632901242605,87.66433012283291,33.253516803522494,2
4.090143960874547,111,6.522335402976761,6.748763266558628,6.610589610609863,6.489268749733378,70.02563988723259,93.12180009066405,4.967550557978802,24.73519140261438,49.55857595732031,41.81855309456893,17.802629780118952,75.62106678746488,77.44491214611234,1
8.512416167903858,107,6.579580875269428,8.749559532840044,3.9385765251987284,2.580633461695908,81.9782495659839,46.276784637457965,0.10878884913114442,21.887851873580267,34.52107090642255,68.04329888429314,60.57435166176672,70.50253151088701,53.08453763416822,2
2.858309436311882,25,7.356037879040028,5.6968192823250385,0.6846856362442422,2.4910636382315934,22.244541739167467,26.995374154151577,0.2606284222275458,35.56169280126696,83.60279161274649,33.50167164381298,74.18009393569963,44.92404743401991,72.36113436451927,0
4.38910151881799,103,13.188681315803025,5.162137038145414,2.2133476972665527,4.222985156568742,52.82310697764423,25.83174493639661,4.863071403931783,12.323874878028745,70.80774316846986,20.590987258787294,68.72993021214162,95.22905417142235,85.11033403650909,2
2.955872210450905,82,5.67672081828522,3.7007743696787907,6.471463471396407,2.397814233622578,4.060834738816165,62.79820773252784,2.947251173063969,10.599362920184598,72.1904064372228,46.03832962861637,30.68474885615947,69.74660789791277,18.315402075513116,0
4.476968049291907,174,12.322150411119107,6.942694441704016,6.063465333233689,5.705280318536076,21.42558229334619,58.76824526842736,5.892349549564638,22.389969601379278,56.47144228375841,39.24244466168341,84.46336978212766,42.82072414874594,54.414987009238814,1
8.584733747167418,183,15.081081579849057,7.878758146774868,7.0313697365995464,6.372535745398021,76.1761605322083,29.73883028336246,1.2938063254552081,4.171687703206579,87.08611811004482,18.20605496206957,61.89946268674841,93.29189211075692,37.2441498222384,2
11.058432556945151,161,10.845196578056951,3.5257552767039684,4.896285042813198,4.065127146847253,79.33983204890724,85.56839701341387,0.19540570696081386,11.861647022726752,30.044948657495155,81.4830556767443,62.16400319369041,87.19814967391558,39.703939093190016,2
3.6264852832039525,21,7.361552433890774,8.718986213194622,3.498666287992829,6.179918031028603,77.64044634518032,91.53986947633507,2.777768215784615,17.209311310070753,45.348898231057014,42.67469616287268,24.794906009630527,72.55672819316734,30.81598744942132,1
7.191829866982552,179,12.166403791829303,3.4207544643139967,3.5277529809247152,4.38767558019452,14.238792498827014,35.257251448264135,5.178842319721397,22.96807764011914,80.06846630650448,63.19213075731142,27.525798522262278,75.09763543228767,31.89899226093797,0
8.86460656305604,92,7.7600400202210595,7.192065365068854,1.713200347044961,6.088122464522877,55.10347274684173,31.550634472085363,6.804921360305223,13.585778582690654,21.70055937324394,16.235317786721712,49.15177022174374,42.82098497122707,59.046902561078504,2
11.50568591909844,96,7.09929452084374,8.32966881707038,5.276231899839479,1.989733281484093,42.270841444338295,32.11374818460378,6.197211767522282,26.107369272461476,81.11363538542689,58.86957768382143,27.11735588677436,50.69094734123623,57.853547239610165,1
7.905635070315325,199,8.784304086304784,7.046979812272454,4.763536297524261,6.306281585837552,99.14862967950904,45.99372237530876,3.4401148223662585,39.771830657142374,41.02837942431394,45.22800278758104,68.99122949314003,21.005449869463238,22.20241075958606,2
4.178622775787497,184,5.629379489101265,2.2919485556461012,1.40794240914492,6.107041797038949,65.4069869058336,83.2581740239157,5.708439254054929,25.38028083837689,21.04432551467229,81.88501630022833,33.69556963978552,58.96724708018175,9.96282291501359,0
8.06752064759633,24,2.3846032874560184,6.039764873828074,7.108170776353924,2.3394879392130923,93.52020913957291,62.67684879528943,0.585280159286537,14.334099434666568,16.965154727100156,34.25906102664796,19.12820231840547,37.772155545752774,55.33336330234984,1
4.86515719761917,85,7.105750483997711,1.2418296994668823,3.074051985822657,4.77015632473747,14.53503050084376,20.404274538613592,4.048679198335695,4.6651817960995405,84.18652725032861,77.58554945939102,19.10008840093294,35.659202603613195,70.32584416956641,0
11.749348102262932,161,2.6826245931653894,6.9654446973048385,0.5879623710643342,7.284618010144974,45.08732731002291,52.83832681376538,6.477659049799844,7.876651104177917,78.51816801505593,33.033048842752464,16.832183420137937,92.1334509069782,53.92203347432458,2
5.696599419218187,120,7.038710398042789,3.4026405137518916,2.757471182082314,2.1959902345684874,77.16076001058686,22.226534642247408,2.835057517686106,26.132346847529195,35.347638394277446,50.70632797352019,45.89675734387282,18.48964271929575,0.0,1
8.696991067990648,65,9.265392562444445,6.107197921416711,6.984882374750291,6.282230185723281,36.78577280304026,47.49712912067521,6.724694344675497,31.39948003848833,20.239872652898082,86.05281932278199,5.2827233803288935,81.0175169047934,30.30445245160445,0
1.7438896146409641,117,14.94680995432583,8.175220320243676,7.352261369721919,8.113320424033851,63.25084961536467,47.28161138426536,1.6227271674308268,4.135721572825034,31.756629491319188,56.76078285453005,55.440622812135366,29.458045674760843,67.42856647987173,0
5.700645184414931,183,1.3505794318886146,2.246360861617487,4.025107654625141,7.376432125963546,51.17021723736607,66.86821325677165,0.8288732857804153,9.978642677679712,28.742911941043467,65.83893599464163,32.74217183151819,5.693629127882397,68.16339216106338,0
10.688629939886372,58,10.246167778829552,4.592278097854407,7.6594515325726595,3.47276869451432,99.19294092179923,58.95631735704808,3.7208601189637376,15.720494639092534,74.50889734891345,71.83584504432712,56.380531279299966,6.803529503909782,0.0,2
7.907388166549081,160,7.757574837081174,5.455659981872861,7.026886111853413,5.200544957100363,17.387254006549146,84.98038258712688,6.360003416670448,15.750243681861601,28.969551423408742,89.0282615135825,91.99456345006725,43.34268430307193,32.17852822568449,1
6.161400307157751,158,1.1079691487029153,4.724791056657239,6.636799593373958,8.430869127722712,93.53486953301278,16.302014613237787,2.247826609338735,43.21150160965232,29.01666991555101,17.321235516572525,85.82142774706398,45.71932517795653,30.222733062010107,2
11.327343744075122,187,4.593132274268549,2.043268974159866,6.9057385045212065,4.874874255556035,40.15709538032968,76.91990576757192,5.621106203852771,10.762135711524172,12.839595659899276,24.829421364369626,58.607975114276364,33.10360607376876,55.112732474487856,1
10.466835949545906,73,2.6009758357929837,0.9848559048617086,3.1786282149168232,1.0662318604150793,46.79929663772945,16.812667276467337,1.2674611345739386,4.6883750276016825,62.52365257123759,53.20163107139251,43.88053907540143,65.8652829230504,8.724646692472529,1
4.883264575140852,57,4.09527101511796,4.052167972411478,6.10045773789324,0.48161834014159166,52.860188368997896,39.34318627810928,5.244435732406483,17.17963766042972,70.63020024653744,89.1702290943883,69.94772841067311,48.622221178318476,50.20102554412995,0
7.217758221434066,121,4.973467700605956,5.600264479204183,4.7032442239939645,6.738641881849839,26.536654943357984,85.37305105436508,3.9434858955732746,7.781004754276218,67.50716126743139,51.43677804385746,90.85195793408047,9.966628235128747,76.71002344684324,1
6.643154688970858,118,6.899856297809383,5.98359566405977,5.813535213574392,3.658477933375508,96.3657442610793,70.23313373416974,1.3076171302211685,7.443024500838932,60.036725741734905,27.046592855811767,50.527877318378124,35.718692321847904,30.477688801910183,2
8.138126251206055,94,8.841398781031133,2.6103878814377803,1.586731639130042,2.1732282812852333,91.14872052347894,28.759734269291464,5.0548020211194995,19.52037842803652,95.0145954979935,45.008890535689716,14.235618339934632,12.584496981890972,33.81173554116927,0
5.008168303066934,166,0.8150479076810688,5.022545346848262,5.904872511844547,3.020445057551955,97.29051002113627,54.26276352895543,5.024917182849348,15.174818987747791,51.60098907158376,4.778367648221451,76.24620263943108,8.914075225682748,0.0,2
4.064152508041826,170,3.2604142815568604,4.414508665925229,7.66922098671454,6.461932078990199,99.6919572209523,72.75233447823886,3.6565030810897383,5.944251374680459,85.69201271466866,13.757448780370499,5.974561312177725,22.58082274975956,9.26231944666314,1
11.083054270183128,62,2.222209061253771,3.20391911137122,2.560773914575151,4.0080776193241645,66.9800095180972,89.98746570716234,1.655726699734455,27.98504746538032,66.84887211320581,16.64359311686477,76.11137860658265,68.8540933491873,77.93618941527895,2
11.200682244734317,170,9.155035668793705,6.493602520625117,7.892058326853891,7.395395737217363,45.16854958057447,65.7456959374563,1.0128278564904762,23.573089938875054,17.406250780529568,10.09002230800539,12.897244161451006,68.4241546982184,93.40016777903692,1
10.354890300500779,59,5.801938030099301,3.737278499309583,3.1513329154818948,6.273374945732674,85.07339014963048,16.974032914634183,6.705059834372546,5.315285764906131,81.28778456589585,61.33187872881769,14.915341416064683,83.97057794773475,2.8399166857109237,2
11.771146523027895,94,9.135645587727716,4.400448252401804,1.7578432767640564,8.28171886374157,2.3804877836338556,54.97614877570268,4.625106513988171,39.0980123826082,61.42619166870401,41.63350926114994,77.69873891107193,74.10341349409819,74.77743782592138,2
9.32241102068673,20,4.171714193055103,8.561631591228874,1.0758325924418595,7.563431641034684,83.44040447135033,27.236931133666218,5.683766236656349,14.242661503130307,67.51025802063825,15.638049117677399,69.12551855527269,53.33659460254773,8.735689513367259,2
9.529005899900996,81,1.16828618213129,5.056480693698711,6.322702923647786,2.238196579002477,49.72860242110067,18.822364037993708,4.909096650446667,43.33937375272871,25.860014334898967,49.55965656625064,57.256991028307326,32.385536272870524,46.900102449952634,1
9.507195965607728,201,15.10877689930775,5.916989028185214,4.527638122937233,5.636097555541448,67.32200270834177,62.88085077452674,5.823368289826794,42.056161199922,48.49912828452745,31.074365262346692,81.31442292204801,3.5462805457685658,53.43050976220504,2
6.546380124894219,101,2.4462834420727093,1.2023077766031667,2.5956240905638253,0.2725614900364086,37.40460613425076,77.15375220083396,1.2211866562675717,20.66615492740637,87.491257744937,41.63573799476045,84.17727149916999,63.83092324105268,23.240551212283258,1
6.292748042399852,153,2.7282529690180954,2.023332150973259,4.945912884391311,8.425296485208625,36.86231538668159,17.884844439712346,3.5289565493746067,11.828378438848402,28.957944991595745,35.29117035426127,47.54863977603466,30.233039635795606,45.63713737499046,0
4.022375899564533,36,3.027511762954136,0.9419184883903393,2.790389265159837,2.2924513139418115,3.1717152810887717,77.68714167724156,4.703160916465824,37.89866663879957,10.010991775273041,14.823157246808865,97.65577789607198,26.50940956242429,45.78338347715044,0
8.27060154077255,138,15.715403164697745,6.735327494611756,3.697190507161978,5.684278786438106,42.37894304290133,71.5110303849207,0.813390309277004,17.53529118976521,32.66076666633781,65.35066485990656,38.25493438643698,94.63360083277541,16.149257653227163,2
4.537861429074512,87,10.18843565058394,7.2754724128301165,6.928780180874111,7.232890418076348,40.83541954193301,75.15895105346891,1.1347029503660175,9.032679870865824,52.903735527524255,17.653642608217673,20.950222295734235,19.378578086187602,93.69482579423628,0
4.206988301874722,160,10.07640726589853,1.8877043588524636,5.411698519501485,1.4479031669149602,22.479110186807127,34.578269817256036,4.474479900331531,25.71913178021447,82.27246781056908,29.592161326337322,83.67580921014992,6.048865545843311,8.899365051623214,0
7.652594428008575,195,15.79781266308165,2.1784994152480937,6.146734349696788,7.222186479608025,24.732327353976746,46.48763643947433,6.094070049351358,23.044305036154427,66.60959925045488,26.839142239161735,43.648035999017715,92.24269714805895,0.0,2
5.804815076362954,118,2.1442692929747524,3.471132999612501,4.751249701462695,0.20286359264290837,58.41395804425117,24.580066176577517,4.656871634697024,38.550768789000124,90.87758526823147,33.157252239312534,86.32846756426113,31.764631873304836,77.27934290417457,1
3.797994392343638,35,15.612413566642795,5.214393193490604,7.932904781307844,3.8126079599174223,31.777144253950308,34.11127601875732,0.3498132128469218,33.35909933309128,50.08966998325463,23.21206431756551,10.688470037607576,39.98148475834114,42.98495157359594,0
10.068588175904727,107,3.9009998276214217,6.174542603644359,2.082998517068963,4.065116029261563,83.02519090172898,39.2231737181944,6.795987127923229,39.67399793398041,44.39173962021928,30.512995763323556,15.32784637011767,10.607880970681643,39.312621513541316,1
10.535984152590947,39,10.270686854142939,5.681295422077408,2.245871053606755,3.2423619913733814,11.138510685706649,40.55493116294289,1.062597616253091,33.5922252326571,30.364803060422766,33.40877899232887,8.745357493828507,40.98213015861217,29.063268268478947,1
3.2608449566167,102,7.185270192602433,8.059725699291416,0.9219597221589964,5.025631868924198,57.764494657504365,29.003191047744945,1.7046794115121793,29.61352330785527,29.189498639441165,10.838535248109418,60.98701930812414,94.38880133224372,0.0,2
1.5788238443999987,26,6.636067564853108,2.654879727917395,4.521352116151542,7.784675729102109,16.004472713910232,30.09694384569147,6.827274245142597,23.507617547911547,74.77767093670931,84.69601147087019,82.36336884383446,68.23785347677918,14.779435592463853,0
5.029364669558424,139,14.954898592887831,6.043732892422449,4.9842020439852694,2.8467085601224285,52.82406269206588,87.11763198337282,5.420127676908287,44.46479144834724,17.071602827987203,31.911381858462505,42.44745287560647,47.53953541432077,33.93639034102715,1
9.873863774647901,75,3.0682614722918977,5.295374723374214,5.862500268610795,4.965783052197963,55.25458869503187,77.71148918524847,6.562379094611695,43.24408743200741,31.35879546530476,14.067683958034488,13.434676819405206,31.902334725161182,50.97237831711224,1
10.311325595460406,54,15.955448968358903,3.415330960395301,2.8164782224042364,7.470685216243912,64.22976865257291,42.55821627931499,5.665675880375405,38.500678206037236,87.95878283953141,48.00992646861454,39.73260095107867,37.40813217241794,40.4090443001502,1
2.952455236218517,18,6.562700928591537,7.86697490027207,0.29560305454721214,6.5931613188515765,42.74249472728937,90.81148315847686,4.59696787752208,35.3387261927777,60.769031992769456,18.39306886824437,37.36829030759488,60.455446096258655,80.02407506110704,1
9.630526962422037,188,10.661378539106027,1.5675835136587744,5.131390389288896,0.4421594243661664,50.94746851292544,34.11381702338591,2.0634156921547415,26.835060655096022,14.099709598013238,71.01514075885022,64.84288900306268,26.91830588489911,78.08195713895259,0
2.7148937567490092,178,15.512182318547074,5.978141774487017,7.989824841658985,8.019442418672364,18.09526160812933,47.54563627600405,2.3554819477267253,13.169394502626892,71.97444425302112,17.21572743160599,65.65010147805904,17.28306739654881,22.678389462810866,0
5.595657196643557,173,1.6755359657604167,6.498423822509417,2.4974849595619415,0.491833995772347,46.30153497363296,80.08202491476565,6.636170404006151,39.643878164782485,54.58804836227424,46.15653824958992,14.581205704375835,68.44549535070293,91.61396020363009,0
11.985399907625116,26,14.827538316462897,7.853322113482703,1.6346887292583538,5.045571184744368,37.303038909429056,50.43090961629013,6.038316751473948,2.4650937997951816,85.19791201982537,87.36909917410094,44.07644030987405,84.73015904917183,77.50511875141564,2
3.522203643924553,83,9.430733057386018,5.129370226091867,2.397782271045555,4.932970410647384,66.61311046544097,33.770025832651676,2.580484094252053,11.779918572139128,70.05418078363114,17.536333779177767,64.75385099414518,87.74465739155647,79.61434475878558,2
3.1166176170650775,204,11.506832560457275,3.2495668848271233,3.5182407032609686,6.705677937899455,43.48217234964861,44.48283740971907,2.6755451815828564,19.360495138632203,10.3912997420454,24.75645260721255,29.07409245467323,82.09334199653296,65.45543542022395,0
5.939403491741332,127,3.067599595072495,7.73022960326647,2.1571208458300046,1.3469216355314124,77.93416509802202,55.05768578997453,2.1540912929036047,27.204757675065096,28.105039671393016,52.369121230119376,42.85846664714842,52.87637007979241,15.724757432788643,2
8.006519522683545,40,8.90748894863169,6.785790164479071,2.906288197866733,1.6067112933267118,42.59920985736921,64.65155069282699,2.3502979841125273,26.117810775495304,32.700805649715164,89.5120143652341,62.073628642986755,77.1501110863839,11.982931561435407,2
11.29545821533916,42,11.037408463823704,4.382572996077358,5.178012560919028,6.417698235002228,23.577117297395866,47.448519966521864,6.038605517392621,9.560080534567241,71.7964414462252,43.252028340120944,42.466975215775875,90.07743878613434,81.86053982796707,1
11.79862202809686,66,7.734959072292763,6.549237474049125,2.891218297372395,1.3558399202576508,27.36887189585846,49.504346489597935,0.17249731046994327,6.506322591981866,54.81964763496829,64.45852319717079,7.8700703555978135,5.1960834230706165,50.73861510989562,0
2.2312266842096435,204,3.1557747072120623,2.2796165715386514,3.2892597693125065,4.043339067351372,4.528522509163658,36.11548902411401,3.1087630856557205,11.560143886167026,75.77537974402236,26.91775260940943,25.703287574944042,41.73723246457005,83.1868678018077,0
2.948973932153006,48,4.510609941300764,5.51298634502867,0.5122438498342587,6.245843957771828,53.991881060091,57.82778387339293,6.605593781842564,16.994477922548796,55.132313492944704,59.59726109132252,77.17552504529371,22.18779507959832,58.1193582564536,0
9.802748725907936,191,13.786770423101178,8.098182530284667,7.359951512658384,5.570432201774522,83.08808839003218,32.55649870156371,3.844190850761381,2.604308580563707,38.80984574130088,22.676857248850986,28.11087932375285,96.69626582990517,19.703686024885776,2
4.341637598844034,147,1.3239590910579944,3.6888339760150473,3.3737104873358588,1.8690751633499996,76.91117068175701,84.40209744864606,3.2080759519929343,31.775600283643797,19.122136910364663,53.59708411269932,81.04716448400912,90.37920490551838,26.194173658733053,2
10.790915124816786,194,11.574703592300349,4.532950114076732,2.7595194250713955,2.653266172963119,43.77894663384714,74.78936562130411,2.255351652427158,12.652279736712133,27.830744682848792,15.35424880952404,48.42242779026962,78.40547940114274,86.29170799484474,2
8.466259200905412,176,15.990728555020809,7.887822845168143,0.8745767307139991,8.239389187224743,19.61203551445122,47.82231907313473,0.6099971460471365,17.11039077157958,45.26864707041999,55.43450311923012,48.98166575934685,30.81270168185957,0.0,1
2.67437042499711,79,0.9137415408228526,7.614751772193154,5.146629080082432,3.868833209301025,86.34844432974528,74.77822776262782,1.648956698389839,16.40077269510768,58.52797911999652,20.888863465119712,76.65800802581813,92.49761286724228,57.65785782297792,2
10.241557491702075,176,3.2478943788630863,7.187101708274462,6.937834612057289,0.4734428020655965,5.678103404506841,15.559675344749841,0.7241630285644117,24.00868143777644,92.6000914807748,70.67332583162022,40.646296710478246,5.749541365841562,88.71017842010806,0
3.3517419900847965,47,11.046993373575644,3.702363596318018,0.5209949604087224,1.9445131555171944,39.9222725202494,42.55913781139172,0.9742260650364549,38.97138805006827,31.095375581852103,70.66902872343027,27.178695070170498,20.67573241265211,9.793500858266707,0
5.946701644136365,71,1.7118606856972935,9.171652750450546,1.3331252454550768,2.9764547531594365,85.66151423839511,50.22409185174308,1.2282641544712618,8.42376800073827,68.61547467130816,71.68998775828676,14.768011034721283,60.98613289770708,27.637093523809884,1
7.297941749872965,56,9.764807754609055,1.8557156393679977,1.341840665312417,8.495710996074521,39.31766874041964,52.583880603655786,2.1840030813815217,16.651265868944613,23.424040211410546,91.07798862181666,67.48761848369543,77.54263093348098,43.72444889628559,0
6.758044565342922,40,11.196801574128052,4.363313266468585,4.897743871712785,2.6426089988061165,11.787547075695992,74.89851821682711,0.17601509196919468,31.757238732466693,72.8102747291654,51.2404391791069,48.70465620073815,86.06130019286361,74.70330016431015,0
8.70471061395908,32,9.739824491333867,4.258589020624485,7.385597921203277,0.32172512977337775,26.59495003457961,92.0245942049371,6.655992810593409,3.9019507710587815,10.997997188670155,66.40414462267518,80.27483990511179,31.247809405918325,37.656132711988604,1
8.35321071612718,51,6.350807485920221,7.24765552576119,3.614593263110975,4.408541251464822,60.00294417429484,45.399770435424244,0.9543517394711244,37.68908131197562,67.72095559380618,6.928697381038926,47.563747897410494,39.73563250053951,1.9809577489612753,2
11.916441058044576,38,11.398690898996913,7.490930673640994,2.881690295912035,0.8022852337814074,15.203590769457087,43.047987962229975,2.743727219281151,43.35848104138934,24.363153790878144,87.68964924130239,43.577392785680196,45.75377578365216,8.984211368374838,1
11.993930046853972,89,9.833275305810071,6.79291053515297,6.173557347654192,2.4021678290440636,65.49353268423557,63.84121812643169,6.168740162031986,28.128399711025605,25.868551281512453,55.62771584939436,32.79324381895057,5.535538942188,34.05994941401739,1
6.9228237276742295,28,3.95608501582758,5.665274969108336,5.992038681694081,8.436018679189088,43.81619311992458,37.50028913532631,0.8353189943162596,43.12985995432101,59.1838717316828,42.961042380490746,23.546792183453274,84.2131097868976,30.757860066709462,1
2.499590413089072,26,9.35966026249367,3.9448359088519105,2.124697886362235,6.018963559013296,33.43895008205219,26.30802670521514,3.436869337103434,19.761658665565154,43.03621603996669,45.69772563600566,82.23063585230722,34.767151046301066,10.628598246251359,1
9.142354639171543,208,14.204989700511698,4.468870417630729,1.454445626001511,0.5255996859761111,24.09254805231639,91.9232696393759,5.929006823035631,19.846364418170886,51.474853248473586,74.0588309595422,13.85465749804927,21.732174653004332,80.63813411562967,0
11.754972821274187,32,10.93586594249484,5.276134454675486,2.9909182528397795,3.8689684361710865,82.33299858567095,79.76239654472177,3.943042105835567,6.568703104777811,37.182221664950696,71.00473051977185,88.89787827170306,41.464523931395576,0.0,2
4.842427070104714,29,7.971230912386476,0.8162544685553457,6.249706459367723,1.5417551060823342,39.66739474634016,91.67996424193022,1.5513708084170446,3.524218204990097,93.90510035849262,75.70922197471828,7.502551065073596,69.79295724050831,80.77855585155498,0
6.342693301294525,20,5.6880783636156576,5.107932829987373,5.62149444133683,1.1327351137778188,73.84792656062277,32.426630294713334,5.175015766746811,12.513685679784956,35.577736807206215,45.56285795320333,53.56946717659539,84.86606446301822,81.0737520572688,1
5.960157710562287,40,2.1054703834511077,7.478666591067925,5.3936589095784,5.0313494721299366,44.03551926373844,16.42473719757365,4.801253333785804,22.559532255349353,57.700173376723995,38.75948783594848,10.424556280050838,23.24538782426852,61.72390515283981,0
2.039901122847758,117,4.518332417937236,5.831878749665251,6.66954276927299,4.347509472977811,9.186718688677942,49.980926059048514,2.599082755173778,23.830342807104227,85.18328888759437,92.00989200730098,77.50346228179586,19.225618901327202,49.2069638579388,0
8.55877652784617,176,0.9700386469205288,7.002806480021703,2.3616164362628713,6.340079308250269,44.05059751672604,89.6887170393265,0.41943661491148854,11.355741414881633,68.44791147895226,60.59046495325126,24.66917673749754,91.71559897511226,14.418195494900253,2
5.210045798218912,158,15.796713946379459,3.8955943108013855,2.8495330586621788,7.595372317147621,50.7687779735764,26.066027109740713,0.15426636028304794,28.350644010441385,38.40437133439141,52.00022847074733,57.63079958999781,54.783943801375365,47.48000572740776,1
9.768370683630774,128,4.1817302323568475,4.919867642503096,0.5302477147515727,2.1721276024259604,45.78421934933768,24.37484182676787,5.795210893577484,9.79185261805068,58.614428136280104,57.33499626245426,90.22948754095783,37.382569785240804,23.649910878867395,2
10.237260790460853,31,13.186114328817665,1.5072585915246752,6.976217051267561,7.853132687905335,81.62417117482725,20.516222739667363,2.3187457947575734,16.027079031571304,17.303219108480015,54.219052791489105,65.38108101195564,21.73602877602755,14.533033239226189,2
10.122923259277377,166,3.363402203435675,4.400875631798055,4.742951932392989,4.451130889454402,91.08513490430293,76.20143991455798,1.050612300380742,10.41550915314108,58.020403438276915,59.61142779618456,21.583756742574135,96.55329528665324,55.36457248090107,2
5.874992979418741,22,5.110737474004723,4.949376899947335,2.525353876692808,2.2742133127549846,78.6778675211034,77.87412270668312,3.6780034605245766,31.956534799575913,47.96223977511169,48.32587088504022,79.09103249420576,70.60332298660583,0.0,2
4.876229663529445,138,7.157815252271174,2.932044969928089,0.7414489453050512,7.2046010400619185,58.27819022109597,70.63008445307713,6.453749740503121,24.212617853559408,76.69816622246309,78.32998398459536,46.05760343317648,23.481218968653533,22.416020995448974,0
9.362618186504076,94,5.7309660949523975,1.1048336788029804,5.842594124667185,0.398451311443789,54.14499605548907,19.263347609786887,0.15851796520454423,33.65234726012247,84.61545019580231,77.69308041584019,6.225436665876371,11.57838781375237,64.89132965896697,0
9.914589055348591,187,12.934932353949888,6.456686501526844,6.040152652482677,4.799878770772869,64.4616030123659,72.8630668652163,0.48739043066725984,4.461671292440936,27.566253904974637,41.39353632420696,50.269142220028655,21.73254033301511,38.270331177577624,2
6.658203187109344,74,15.356939801834432,3.940155646720986,5.396193486497176,6.16162089425172,28.783029643937454,50.890304676934974,2.9776100348369994,20.290569450111082,17.17515968054715,24.38321256338954,80.56107498549065,26.287804767312338,4.043576769525428,2
10.876825705131182,139,14.104476151492896,4.520443310194809,1.7894915733844903,2.4518125721116033,81.1846846148685,27.631553754928397,4.764164756609937,43.579218896201084,44.36901434954554,49.872874704622404,44.986059667526014,13.442051030590674,0.0,2
3.0110413088248618,100,3.1343835776058997,3.2744828054703454,7.3230852563671185,7.35333210753103,85.68481776036609,38.61008083876817,3.3850931654926466,4.305639132373635,57.005235921648136,52.81180949522954,75.53380869463929,24.587228847091247,16.55477064347175,1
10.73022218641908,116,12.605667880509213,4.722964180538897,6.074632548362835,2.118390332207073,26.721716318183052,55.09174719463687,6.293084225411292,19.990283656926373,43.15857145172198,54.16503002725074,70.61390726169968,13.977292263695503,43.352012146720924,1
2.5089999462047534,198,3.0487930822316134,4.824357063434888,5.330499323954968,7.154943974946609,90.28182081400776,41.37211778157449,0.4041834332085992,3.737123410791684,65.31338304783105,74.47286717149795,47.492845512460484,38.50677988333688,46.164025363324285,0
3.112017981573446,153,14.683392819743942,5.032703150518153,5.2773626026899425,0.7597776961926408,84.87327239916674,92.5799381393274,2.4469720005418307,8.306092801744398,54.49731261527861,9.140957749155692,35.06528040736661,48.70235436196514,10.877936168262558,1
7.105320139376584,95,8.671754350162391,5.283165127122932,7.253990060714801,1.443391771694823,42.448676748251025,52.97933933657595,2.5243004367821733,21.888637417641213,92.4230910505279,32.06394762160147,72.56822014528053,45.79678742260629,49.01155467440139,2
2.2089440419678574,102,5.912992538461942,1.4225649961237532,7.4407956381575655,3.300270504776029,90.90002020927456,44.77204082017149,2.446877859305758,8.773076100414261,46.02641885212419,72.3165540112934,39.309412849667986,80.94574642481207,90.82427286199173,0
2.0544745647011586,152,3.186787559479731,7.439412229289649,4.845971860479872,7.274066307504706,12.043899381150814,68.85323431744294,3.4650327936513956,24.306483273445252,17.259487219475254,91.04428107985893,20.818100925764604,26.875566315462873,55.64536411564497,0
1.505446813739908,82,0.9794981403208701,0.7007716187586025,3.4500214055078775,1.3145170670649726,2.7986559208900363,67.04360454847318,5.554981611842813,41.677462359112994,36.57028186044998,49.903996252970785,34.840264722102084,86.38681944550454,47.79910269098228,0
6.081324926789763,47,4.568794273245448,4.149319059628033,3.0371250405634465,7.453681214271628,34.786682559405435,15.195142432421394,2.29339005317944,10.61752500248935,63.31865988796552,25.423581283292975,86.54604494230848,88.3635449417074,47.32659240452569,2
9.633550753568413,106,14.69310496187594,2.5298556927493965,6.5888149604296355,2.0297448235474675,56.5435698827345,64.47789586405943,5.236934125762198,6.609019917624504,32.53020867742357,40.840377029087065,31.355187428776862,93.22117292834254,81.16545905706832,1
1.8658026779391146,28,12.918385322537858,4.729900378368027,5.227921650707802,3.9010705481940415,35.14426145328662,34.501517981522696,1.1106117518255927,37.48689216526694,33.67098375889577,47.23873313767743,26.85132974056046,20.012423985179172,88.14469970339319,0
8.348704867891481,48,15.540864357810936,3.6327126866372925,0.8026750359784984,3.062968995786837,94.20677336713595,45.01869132703373,3.969001503874257,21.791603438791473,39.88237859396688,43.05117464874992,17.408066577942282,26.100607746124904,5.682664980967656,1
10.142836832869959,97,2.33157512104487,7.250645655371774,1.309050901517212,1.0922603035619978,25.471022905514506,71.50791125878754,2.6881073770922614,39.952277250297925,75.66047663199686,33.69594199030263,10.131539544798333,61.64023407159627,22.240746553045604,1
3.2640089100676466,170,9.801116901286177,3.6249414393328707,7.221449981817802,8.032201811960777,28.121339359267893,59.59089768085566,3.8205545358394377,15.16330167061165,92.73172461786861,36.4486604932134,95.83238894056574,16.243813521278355,0.0,1
3.0420692156247444,167,4.708687205267805,6.034927548133452,7.099085555215107,3.7806976423185934,63.48276125448551,44.49241153240776,0.8434732775685211,28.983876223044852,40.83314377860464,59.25653160100795,54.920244935236774,11.048405051623902,66.94325798200289,0
10.53841022301563,65,9.052713927740593,2.071559287646635,7.624293099840257,5.898782595392033,0.38638823417082024,28.392828146969926,6.6788936426502685,41.70248283497156,27.202947498923287,66.54709241525373,72.85693483772488,9.927537930956088,0.0,0
10.142808404475995,97,5.670914260564517,1.2718884621991773,3.537237545160925,4.932248483977861,72.75570523545993,55.43857497982025,6.352877405932268,9.382919376259954,47.01605179070507,58.31359591689918,76.88653055878959,59.978065658627386,75.10547456959301,1
7.158888545773962,44,5.1086763636990336,3.821278107675301,6.315675079597516,4.314413701558542,37.74694830931572,40.54928188057626,5.80213449960534,36.43132805013234,40.961892982207104,40.275141875908716,37.76548050900394,78.63974534893873,0.11386244437045434,1
10.101598732586794,162,9.522448590773882,5.707090282211107,6.660155213051708,5.279252037877531,97.7747867643296,88.034224672646,6.260201481377558,29.155220243340473,97.12219244283948,27.281951713198314,79.29824964499356,27.335252289963734,46.763168668169655,2
2.4739388129571953,63,3.5864360604170127,4.698407125209475,2.662435865537906,7.646075372100403,69.14175930297486,57.74773122312405,1.1121463042522541,36.9567100189633,50.82040674958334,33.11502836827796,94.41803473106454,90.75218538982412,13.633339788573224,2
5.642055938356921,170,7.930828241976176,7.773014411284274,1.3336341475717093,5.97422395583052,5.221495508234309,84.277119533633,3.575680233835695,9.339813832983651,69.77693504744403,93.11220901432499,73.98385207236969,77.44193774251079,35.44531444649212,1
9.246874339116914,179,10.692346428669328,5.813708405622386,7.976805620785549,4.5728326674238575,9.262780874197363,46.214482278680904,2.2935731954200116,20.665718224491528,90.41334986474709,46.32329862110721,71.19118077963844,10.281278104316698,33.280977462119154,1
4.203245572901615,149,2.7483675123786213,8.089226774634444,0.4357097892605292,5.519562069594201,8.816810692415855,81.19497310303684,6.222962994998694,7.540000824508965,65.35741880802175,63.89829918526129,45.197742152127866,41.286494081332584,66.5114805899474,0
9.399453601552304,79,14.945032917328941,3.7646458773291,4.859220165949256,5.193711956275781,95.26222598919438,19.522952173766292,1.4071200092463187,43.28353064337068,31.945305792947142,43.1540283765516,83.24277170021792,9.393397407220323,36.20401649253317,2
6.793875346103546,200,8.487015431702696,7.29119306660108,5.27165573861733,3.7382181428850303,68.40515412175877,38.8495220454412,1.6176229504796094,4.6957440872857825,63.452088389328665,76.78158606806144,13.261875886471518,89.02825083258853,41.78639954220436,1
9.377792873456446,148,13.256825172642001,5.08756030382276,5.5179568673632575,5.348017685095783,42.76060072889357,21.25407464357595,4.838329748849574,4.815786113758697,45.36511757373022,38.79499834807379,74.72058523850122,72.82340158042867,59.466065197414736,2
6.3791361975019605,140,10.739362545440162,5.213582565975189,2.1938964029588996,3.8259863213789744,20.048268988003105,17.532014457189913,0.7134076477049104,40.6207162638132,47.16678851061502,47.82626584348166,38.66539941928572,67.53524225334341,84.14027159988014,0
5.362995572329085,181,11.592014306582692,9.111335928504513,5.828318105531036,6.463960774124064,87.36397464358032,88.5089796258495,5.153333520724814,14.932772369920025,96.18056316059564,70.97369002595062,57.63557416919459,67.17397358173466,68.46037999123666,2
3.801486773025639,186,11.685190303091138,5.5486771767737,1.887916593593871,8.2388648615872,20.155592767134046,72.34949955197439,1.9500782893674444,27.671861412427454,34.51600919634703,25.134587121740736,88.04563060042354,29.807155178199896,57.66647042166127,1
3.687983085067658,30,14.101518435334384,8.190004352527795,6.666498394863123,8.162869002976725,70.66792164758175,65.00880515747765,4.660454020343317,14.36144774301419,51.26629289009135,53.01958001003681,61.26681907576619,90.75268058886661,39.33012611197768,2
9.390653510999659,186,10.126802612713247,6.902080960445536,1.9091100578601492,6.994180605969836,76.3324361545346,57.59942475294664,6.123960725888557,29.896610151983857,24.068300021529627,35.97919144971019,7.37908232370935,89.74100587271711,87.39183442189612,2
2.748558654356585,164,5.028900706165122,1.5188688860230972,5.634307026793405,5.154774735299675,29.465608885540828,60.56432289734736,4.306318475321435,10.27618287861117,25.71188948432301,92.10620196910736,72.20225063364795,72.51194808117769,37.23074642616039,0
2.402814676164924,55,2.3125465715549485,6.3323279435851685,6.310625189505012,6.39438869979422,50.49147371706423,66.09523051091628,1.5675177596741523,21.73138669621318,63.106629319553385,66.79624589972116,91.39927907693846,47.07943946474854,75.06470780049598,0
3.351059332732367,74,10.015009415642151,4.238278145861059,1.6737768536050721,1.595605680163457,22.298928231839387,81.12638357920827,0.43924212622059455,24.94016351555696,76.08938231743889,12.308341295814339,64.70711091388202,7.428878694327227,68.02449044071096,0
3.34113837026618,161,1.8085626173128322,7.889005664998202,2.0562946035343015,4.123755041436949,37.89296574554981,62.75108446364226,0.4078364046959545,16.34664428234659,66.00846887828237,78.61345921778346,85.11206720374035,5.661266912881353,3.654029815068787,1
10.142630039472447,57,4.467660465680859,7.825180290396608,6.277009162128062,2.261360025927461,96.51343982800088,74.88646104887059,0.7128019858966547,12.823126284564937,38.97699181546143,57.92176109056872,81.7525052467999,15.984627294843571,0.0,2
5.68431954647923,103,1.7227492059490581,1.8930572806132815,0.8707919787526321,0.1293578413185156,69.31380346544303,37.47824414637879,4.10074359604104,8.028886709862324,15.24639918572174,50.469547438888505,85.10018231750851,59.00188120714742,58.58154606139257,1
11.899078802285066,149,9.14309135289982,2.343193473529833,1.6879354292399802,8.220595627245439,84.66142061905151,93.14093902531778,2.5027031928804937,32.364206461240556,51.383219869084904,21.052836199350075,37.001337450381556,78.02134164524122,62.1228012877628,2
2.94071820680143,141,3.237139499131594,1.4067663142624214,3.7531410682813386,7.356327919555467,54.0599571466741,17.551776674962312,1.7774381440316973,9.2361567877602,54.37572947226883,18.74368884037044,49.09720802110735,92.1557814657202,52.15676835732442,1
8.362168169783255,192,10.078191255388793,4.331290149494376,7.4554190442092105,4.415068395147385,23.903974215135616,45.926127622185234,1.6132152488006195,14.56143482109022,77.81734150046404,63.33252784282699,83.86711596776503,19.484035451957798,80.69417216741549,0
6.211659825613132,36,12.821149989121668,1.7361286970721599,4.582647112165482,2.2348792201996575,71.28798566671935,85.5639641202963,6.645212570131383,16.48707687851025,66.34548148169202,40.10896493686731,89.66706746862533,28.89962079483888,39.58241129843981,1
5.6256408553192765,72,13.292586955732308,6.5178540040468755,3.223887216024159,5.920991765673588,50.05679607905664,29.441837014895214,0.9198343736553133,21.537772270125814,86.67075922888684,78.5053985425347,18.656259431156418,8.085426983115015,33.996560942818604,0
10.688384090067863,207,5.505061323691937,4.7112212088083005,7.8312877333353175,3.7523291102193914,17.68488681070587,26.307047434692635,2.2032194343313174,32.21045408065288,78.90249332516807,33.94742444333377,21.882511302008005,95.97043368680266,53.60297209213843,1
11.743754281198196,125,9.14410889695634,7.280893484135319,3.816948188526051,6.848136080750675,41.24298896182103,44.234461351993076,3.353193107932433,20.401640790109333,42.19724497536332,61.315280176347294,37.25515280510889,76.40601744584087,0.936365478087831,2
10.665019067128878,63,9.357763553312656,3.199163037126227,3.58313279476236,8.495952125519974,63.48402190163059,49.2555760413462,0.10310172991236236,39.457025721725785,65.63548527017345,25.496528538437566,76.63769802068029,48.18712814386258,45.07678817131543,2
3.519157129868897,71,7.987885168743332,5.230676794228145,3.4108256717242433,3.0322939029149087,73.53318566822382,89.67152485293822,6.454576993582499,31.230782804667932,75.76121459205115,56.04900785782712,86.37324762498422,57.10314339842987,73.37882449631799,1
3.8183781726938073,81,10.757731149656426,1.368598632939793,2.635004566333011,2.152985565215601,24.322079589035173,81.88956277670569,0.7837802762447166,38.05492879359774,94.20547248720155,15.121072569658578,58.962333150511114,55.84439466531064,0.0,1
8.388775730498164,123,3.99332428211771,8.314815296026278,2.740419515953158,2.3460129058759693,87.59973393493311,52.12717101524113,4.80904714473459,32.80322033723045,47.16699031075763,33.49575899600462,15.53394031157048,26.90991079545613,80.81714527648215,1
4.5353776072010135,70,15.684497241719273,2.013910751994272,5.565129067450085,0.8841084637176444,37.955110707467796,92.83800807052825,4.4391717924211695,8.391167392995284,67.04881532337997,23.260088403662518,33.24858538694644,20.426725263581442,73.59464178156718,0
9.21461387319609,136,2.290813371782173,1.2882531907180472,0.5185176592666729,3.4099880506013056,27.11367178927484,66.38227233272515,5.682540600222687,44.05087398015588,44.55441750478381,60.95433420026441,84.70313960241974,30.915717362480404,0.0,1
